t,t_新能源(MW),t_负荷(MW),t_火力调度(MW),t+1_负荷预测(MW),t+1_新能源预测(MW),t+1_调度结果(MW)
0,17684.14,5077.97,5016.85,4880.76,17672.5,4829.65
1,17672.5,4880.76,4829.65,4746.5,17734.99,4631.36
2,17734.99,4746.5,4631.36,4691.79,17768.19,4542.72
3,17768.19,4691.79,4542.72,4690.23,17761.56,4547.17
4,17761.56,4690.23,4547.17,4722.72,17714.71,4627.58
5,17714.71,4722.72,4627.58,4828.48,17691.96,4757.19
6,17691.96,4828.48,4757.19,4974.21,17667.41,4929.12
7,17667.41,4974.21,4929.12,5127.12,17715.26,5034.72
8,17715.26,5127.12,5034.72,5181.94,17670.08,5136.93
9,17670.08,5181.94,5136.93,5133.31,17741.81,5015.18
10,17741.81,5133.31,5015.18,5139.9,17709.79,5053.88
11,17709.79,5139.9,5053.88,5117.06,17773.25,4967.35
12,17773.25,5117.06,4967.35,5147.45,17812.7,4958.36
13,17812.7,5147.45,4958.36,5277.91,17712.11,5191.83
14,17712.11,5277.91,5191.83,5473.35,17708.73,5392.42
15,17708.73,5473.35,5392.42,5691.7,17696.2,5627.83
16,17696.2,5691.7,5627.83,6088.16,17704.83,6021.02
17,17704.83,6088.16,6021.02,6162.86,17712.19,6089.47
18,17712.19,6162.86,6089.47,6126.17,17783.92,5979.07
19,17783.92,6126.17,5979.07,6074.89,17617.22,6096.65
20,17617.22,6074.89,6096.65,5905.18,17686.76,5853.3
21,17686.76,5905.18,5853.3,5726.57,17701.26,5657.09
22,17701.26,5726.57,5657.09,5485.94,17687.57,5426.86
23,17687.57,5485.94,5426.86,5227.3,17697.67,5154.83
24,17697.67,5227.3,5154.83,4994.09,17674.59,4942.01
25,17674.59,4994.09,4942.01,4848.3,17661.57,4808.19
26,17661.57,4848.3,4808.19,4769.34,17698.51,4690.02
27,17698.51,4769.34,4690.02,4762.17,17666.01,4716.13
28,17666.01,4762.17,4716.13,4808.23,17696.75,4732.05
29,17696.75,4808.23,4732.05,5005.33,17698.83,4929.02
30,17698.83,5005.33,4929.02,5430.06,17726.36,5331.83
31,17726.36,5430.06,5331.83,5840.72,17725.98,5748.9
32,17725.98,5840.72,5748.9,5925.23,17848.68,5710.21
33,17848.68,5925.23,5710.21,5803.91,18221.53,5210.71
34,18221.53,5803.91,5210.71,5699.08,18459.82,4863.03
35,18459.82,5699.08,4863.03,5620.37,18612.8,4631.01
36,18612.8,5620.37,4631.01,5617.64,18426.1,4815.73
37,18426.1,5617.64,4815.73,5649.65,18153.4,5122.34
38,18153.4,5649.65,5122.34,5738.79,17843.84,5526.1
39,17843.84,5738.79,5526.1,5946.56,17688.96,5893.59
40,17688.96,5946.56,5893.59,6142.6,17722.61,6059.16
41,17722.61,6142.6,6059.16,6449.78,17736.37,6358.22
42,17736.37,6449.78,6358.22,6498.37,17655.24,6489.31
43,17655.24,6498.37,6489.31,6416.27,17686.14,6374.11
44,17686.14,6416.27,6374.11,6315.42,17708.3,6249.15
45,17708.3,6315.42,6249.15,6199.06,17789.65,6048.47
46,17789.65,6199.06,6048.47,5911.4,17681.08,5866.07
47,17681.08,5911.4,5866.07,5616.61,17735.49,5510.55
48,17735.49,5616.61,5510.55,5303.03,17751.62,5176.12
49,17751.62,5303.03,5176.12,5112.17,17717.57,5018.55
50,17717.57,5112.17,5018.55,4932.56,17768.7,4784.72
51,17768.7,4932.56,4784.72,4866.4,17699.7,4787.81
52,17699.7,4866.4,4787.81,4796.51,17678.68,4738.11
53,17678.68,4796.51,4738.11,4869.56,17718.84,4771.9
54,17718.84,4869.56,4771.9,5076.79,17714.78,4985.26
55,17714.78,5076.79,4985.26,5501.71,17647.1,5483.66
56,17647.1,5501.71,5483.66,5839.87,17792.51,5680.47
57,17792.51,5839.87,5680.47,5975.9,18039.06,5570.34
58,18039.06,5975.9,5570.34,5905.88,18252.87,5282.05
59,18252.87,5905.88,5282.05,5741.9,18521.83,4843.78
60,18521.83,5741.9,4843.78,5745.79,18403.54,4968.25
61,18403.54,5745.79,4968.25,5601.8,18320.48,4904.87
62,18320.48,5601.8,4904.87,5694.87,17925.02,5399.2
63,17925.02,5694.87,5399.2,5682.92,17684.04,5630.88
64,17684.04,5682.92,5630.88,5814.63,17748.96,5698.95
65,17748.96,5814.63,5698.95,6082.79,17713.79,6007.95
66,17713.79,6082.79,6007.95,6421.63,17694.88,6371.25
67,17694.88,6421.63,6371.25,6436.65,17679.94,6401.6
68,17679.94,6436.65,6401.6,6374.36,17714.23,6303.01
69,17714.23,6374.36,6303.01,6243.5,17661.4,6223.24
70,17661.4,6243.5,6223.24,6063.49,17744.92,5955.56
71,17744.92,6063.49,5955.56,5731.81,17670.98,5693.71
72,17670.98,5731.81,5693.71,5381.39,17661.03,5347.49
73,17661.03,5381.39,5347.49,5140.11,17708.19,5055.43
74,17708.19,5140.11,5055.43,4971.09,17739.46,4852.43
75,17739.46,4971.09,4852.43,4865.82,17764.06,4722.1
76,17764.06,4865.82,4722.1,4877.3,17678.52,4820.23
77,17678.52,4877.3,4820.23,4899.81,17711.15,4810.14
78,17711.15,4899.81,4810.14,5097.74,17693.0,5028.25
79,17693.0,5097.74,5028.25,5533.47,17673.22,5489.38
80,17673.22,5533.47,5489.38,5951.67,17702.57,5884.68
81,17702.57,5951.67,5884.68,5993.68,17787.2,5841.07
82,17787.2,5993.68,5841.07,5933.63,17813.67,5754.2
83,17813.67,5933.63,5754.2,5837.37,17776.08,5695.8
84,17776.08,5837.37,5695.8,5842.12,17866.32,5609.19
85,17866.32,5842.12,5609.19,5901.87,17891.06,5643.8
86,17891.06,5901.87,5643.8,5967.34,17684.08,5919.58
87,17684.08,5967.34,5919.58,6047.33,17669.97,6015.29
88,17669.97,6047.33,6015.29,6077.81,17733.76,5981.64
89,17733.76,6077.81,5981.64,6185.81,17752.21,6072.92
90,17752.21,6185.81,6072.92,6445.98,17778.96,6310.57
91,17778.96,6445.98,6310.57,6565.65,17721.89,6490.41
92,17721.89,6565.65,6490.41,6562.1,17691.89,6516.52
93,17691.89,6562.1,6516.52,6437.21,17682.16,6400.56
94,17682.16,6437.21,6400.56,6296.81,17703.53,6234.44
95,17703.53,6296.81,6234.44,6128.48,17740.78,6027.0
96,17740.78,6128.48,6027.0,5900.94,17720.44,5815.36
97,17720.44,5900.94,5815.36,5547.46,17743.21,5433.52
98,17743.21,5547.46,5433.52,5205.16,17777.13,5052.47
99,17777.13,5205.16,5052.47,4976.63,17736.73,4862.26
100,17736.73,4976.63,4862.26,4815.55,17625.14,4811.37
101,17625.14,4815.55,4811.37,4726.32,17729.34,4616.22
102,17729.34,4726.32,4616.22,4655.86,17707.34,4567.51
103,17707.34,4655.86,4567.51,4733.01,17702.31,4650.32
104,17702.31,4733.01,4650.32,4933.2,17803.68,4750.09
105,17803.68,4933.2,4750.09,5427.11,17870.24,5182.19
106,17870.24,5427.11,5182.19,5777.48,18053.47,5352.95
107,18053.47,5777.48,5352.95,5935.31,18183.81,5382.06
108,18183.81,5935.31,5382.06,5946.99,17977.22,5601.79
109,17977.22,5946.99,5601.79,5945.82,17945.56,5633.54
110,17945.56,5945.82,5633.54,5946.72,17759.23,5822.78
111,17759.23,5946.72,5822.78,5941.86,17778.05,5799.61
112,17778.05,5941.86,5799.61,5925.82,17670.67,5891.77
113,17670.67,5925.82,5891.77,5969.73,17751.66,5853.31
114,17751.66,5969.73,5853.31,6079.24,17649.12,6068.68
115,17649.12,6079.24,6068.68,6370.64,17701.36,6312.43
116,17701.36,6370.64,6312.43,6641.69,17675.69,6615.21
117,17675.69,6641.69,6615.21,6584.4,17740.38,6490.01
118,17740.38,6584.4,6490.01,6484.16,17679.8,6449.37
119,17679.8,6484.16,6449.37,6331.19,17670.73,6302.8
120,17670.73,6331.19,6302.8,6128.33,17692.98,6074.32
121,17692.98,6128.33,6074.32,5819.42,17716.44,5736.36
122,17716.44,5819.42,5736.36,5502.47,17716.96,5414.45
123,17716.96,5502.47,5414.45,5256.8,17750.06,5131.7
124,17750.06,5256.8,5131.7,5093.5,17683.61,5033.5
125,17683.61,5093.5,5033.5,4970.46,17733.64,4858.28
126,17733.64,4970.46,4858.28,4940.39,17702.31,4859.96
127,17702.31,4940.39,4859.96,4978.48,17737.14,4863.25
128,17737.14,4978.48,4863.25,5212.31,17745.93,5091.68
129,17745.93,5212.31,5091.68,5625.6,17881.27,5374.28
130,17881.27,5625.6,5374.28,5992.1,17768.91,5859.22
131,17768.91,5992.1,5859.22,6112.46,17958.03,5790.8
132,17958.03,6112.46,5790.8,6021.05,17902.7,5753.57
133,17902.7,6021.05,5753.57,5899.56,17955.51,5576.72
134,17955.51,5899.56,5576.72,5838.64,17808.07,5663.87
135,17808.07,5838.64,5663.87,5816.87,17737.62,5712.88
136,17737.62,5816.87,5712.88,5805.89,17762.15,5676.72
137,17762.15,5805.89,5676.72,5932.46,17694.16,5874.7
138,17694.16,5932.46,5874.7,6057.94,17752.22,5943.42
139,17752.22,6057.94,5943.42,6297.98,17729.51,6210.37
140,17729.51,6297.98,6210.37,6615.81,17686.38,6577.24
141,17686.38,6615.81,6577.24,6661.63,17712.46,6598.11
142,17712.46,6661.63,6598.11,6564.67,17717.09,6493.92
143,17717.09,6564.67,6493.92,6420.71,17674.64,6391.15
144,17674.64,6420.71,6391.15,6217.58,17788.89,6067.82
145,17788.89,6217.58,6067.82,5950.03,17702.29,5883.41
146,17702.29,5950.03,5883.41,5667.63,17709.56,5589.51
147,17709.56,5667.63,5589.51,5409.0,17649.97,5387.87
148,17649.97,5409.0,5387.87,5176.56,17726.54,5074.42
149,17726.54,5176.56,5074.42,5046.9,17753.95,4915.71
150,17753.95,5046.9,4915.71,4935.42,17830.18,4725.72
151,17830.18,4935.42,4725.72,4889.63,17711.21,4799.66
152,17711.21,4889.63,4799.66,4925.37,17702.0,4845.22
153,17702.0,4925.37,4845.22,5054.11,17751.91,4925.47
154,17751.91,5054.11,4925.47,5274.8,17714.76,5186.06
155,17714.76,5274.8,5186.06,5471.03,17786.08,5311.26
156,17786.08,5471.03,5311.26,5569.94,17790.66,5407.65
157,17790.66,5569.94,5407.65,5534.25,17695.46,5468.04
158,17695.46,5534.25,5468.04,5452.24,17697.27,5383.83
159,17697.27,5452.24,5383.83,5456.88,17666.84,5418.75
160,17666.84,5456.88,5418.75,5439.84,17791.88,5275.49
161,17791.88,5439.84,5275.49,5527.2,17718.1,5437.38
162,17718.1,5527.2,5437.38,5601.45,17703.97,5527.12
163,17703.97,5601.45,5527.12,5788.57,17734.15,5686.32
164,17734.15,5788.57,5686.32,6083.26,17700.85,6021.28
165,17700.85,6083.26,6021.28,6127.16,17756.03,6009.84
166,17756.03,6127.16,6009.84,6106.09,17663.35,6081.32
167,17663.35,6106.09,6081.32,5941.97,17708.26,5869.07
168,17708.26,5941.97,5869.07,5830.2,17696.45,5767.27
169,17696.45,5830.2,5767.27,5615.39,17710.0,5535.48
170,17710.0,5615.39,5535.48,5412.35,17699.62,5340.35
171,17699.62,5412.35,5340.35,5133.14,17759.37,4997.17
172,17759.37,5133.14,4997.17,4955.12,17718.58,4857.86
173,17718.58,4955.12,4857.86,4802.54,17746.22,4676.51
174,17746.22,4802.54,4676.51,4673.23,17695.04,4597.02
175,17695.04,4673.23,4597.02,4595.71,17684.78,4529.5
176,17684.78,4595.71,4529.5,4600.07,17741.7,4476.8
177,17741.7,4600.07,4476.8,4717.04,17879.01,4455.71
178,17879.01,4717.04,4455.71,4861.48,17909.83,4571.26
179,17909.83,4861.48,4571.26,4994.86,17931.74,4684.96
180,17931.74,4994.86,4684.96,5132.85,17867.62,4887.7
181,17867.62,5132.85,4887.7,5146.35,17860.66,4908.51
182,17860.66,5146.35,4908.51,5082.41,17724.88,4980.91
183,17724.88,5082.41,4980.91,5113.81,17740.07,4996.78
184,17740.07,5113.81,4996.78,5172.64,17708.23,5088.31
185,17708.23,5172.64,5088.31,5244.52,17678.96,5190.03
186,17678.96,5244.52,5190.03,5357.39,17727.81,5255.45
187,17727.81,5357.39,5255.45,5509.0,17746.43,5390.9
188,17746.43,5509.0,5390.9,5852.61,17677.1,5810.21
189,17677.1,5852.61,5810.21,5899.98,17693.95,5840.31
190,17693.95,5899.98,5840.31,5865.26,17722.53,5776.97
191,17722.53,5865.26,5776.97,5729.93,17648.16,5715.23
192,17648.16,5729.93,5715.23,5598.83,17725.78,5503.14
193,17725.78,5598.83,5503.14,5378.55,17733.21,5271.79
194,17733.21,5378.55,5271.79,5078.86,17759.52,4941.57
195,17759.52,5078.86,4941.57,4813.56,17697.43,4736.29
196,17697.43,4813.56,4736.29,4673.2,17686.39,4605.59
197,17686.39,4673.2,4605.59,4554.02,17697.89,4474.03
198,17697.89,4554.02,4474.03,4498.25,17713.67,4401.68
199,17713.67,4498.25,4401.68,4504.01,17685.03,4436.28
200,17685.03,4504.01,4436.28,4643.77,17693.06,4569.39
201,17693.06,4643.77,4569.39,4981.52,17756.96,4845.39
202,17756.96,4981.52,4845.39,5488.41,17791.65,5324.65
203,17791.65,5488.41,5324.65,5623.24,17820.94,5431.28
204,17820.94,5623.24,5431.28,5628.86,17778.75,5480.31
205,17778.75,5628.86,5480.31,5655.81,17771.66,5514.82
206,17771.66,5655.81,5514.82,5775.86,17693.26,5716.15
207,17693.26,5775.86,5716.15,5850.78,17738.83,5746.31
208,17738.83,5850.78,5746.31,5851.19,17767.26,5718.27
209,17767.26,5851.19,5718.27,5928.58,17700.39,5863.99
210,17700.39,5928.58,5863.99,5893.67,17690.47,5837.7
211,17690.47,5893.67,5837.7,5936.7,17674.37,5898.78
212,17674.37,5936.7,5898.78,6153.71,17663.46,6130.37
213,17663.46,6153.71,6130.37,6220.65,17678.6,6182.7
214,17678.6,6220.65,6182.7,6081.93,17674.27,6045.13
215,17674.27,6081.93,6045.13,5969.06,17648.39,5957.15
216,17648.39,5969.06,5957.15,5742.64,17675.11,5699.45
217,17675.11,5742.64,5699.45,5479.98,17689.67,5419.29
218,17689.67,5479.98,5419.29,5119.53,17728.72,5013.62
219,17728.72,5119.53,5013.62,4767.92,17666.33,4721.62
220,17666.33,4767.92,4721.62,4586.54,17733.86,4471.07
221,17733.86,4586.54,4471.07,4429.9,17763.04,4283.07
222,17763.04,4429.9,4283.07,4377.43,17681.78,4312.28
223,17681.78,4377.43,4312.28,4382.59,17717.89,4280.78
224,17717.89,4382.59,4280.78,4453.2,17870.56,4198.34
225,17870.56,4453.2,4198.34,4734.71,17994.06,4357.42
226,17994.06,4734.71,4357.42,5226.23,18166.59,4680.78
227,18166.59,5226.23,4680.78,5509.08,18276.21,4856.34
228,18276.21,5509.08,4856.34,5664.1,18283.84,5005.11
229,18283.84,5664.1,5005.11,5604.61,18272.55,4957.1
230,18272.55,5604.61,4957.1,5597.9,17792.32,5434.69
231,17792.32,5597.9,5434.69,5594.38,17713.01,5511.83
232,17713.01,5594.38,5511.83,5590.53,17719.98,5501.57
233,17719.98,5590.53,5501.57,5643.98,17638.09,5638.3
234,17638.09,5643.98,5638.3,5745.27,17689.61,5687.93
235,17689.61,5745.27,5687.93,5816.73,17675.48,5774.39
236,17675.48,5816.73,5774.39,5995.37,17734.89,5896.57
237,17734.89,5995.37,5896.57,6147.07,17736.49,6049.37
238,17736.49,6147.07,6049.37,6042.05,17690.23,5989.13
239,17690.23,6042.05,5989.13,5904.63,17676.45,5863.47
240,17676.45,5904.63,5863.47,5751.14,17696.38,5686.82
241,17696.38,5751.14,5686.82,5530.86,17704.98,5455.47
242,17704.98,5530.86,5455.47,5174.05,17695.65,5102.17
243,17695.65,5174.05,5102.17,4845.04,17662.53,4803.48
244,17662.53,4845.04,4803.48,4619.09,17685.32,4552.45
245,17685.32,4619.09,4552.45,4426.77,17692.78,4350.98
246,17692.78,4426.77,4350.98,4363.3,17705.93,4273.93
247,17705.93,4363.3,4273.93,4294.92,17720.84,4189.65
248,17720.84,4294.92,4189.65,4323.34,17764.61,4173.94
249,17764.61,4323.34,4173.94,4504.7,18071.15,4049.36
250,18071.15,4504.7,4049.36,4967.49,18086.87,4499.45
251,18086.87,4967.49,4499.45,5378.76,18189.32,4811.89
252,18189.32,5378.76,4811.89,5503.13,17926.22,5203.66
253,17926.22,5503.13,5203.66,5580.91,17925.82,5282.07
254,17925.82,5580.91,5282.07,5653.28,17787.16,5496.6
255,17787.16,5653.28,5496.6,5707.64,17692.49,5647.63
256,17692.49,5707.64,5647.63,5681.74,17719.97,5593.27
257,17719.97,5681.74,5593.27,5759.77,17774.06,5618.29
258,17774.06,5759.77,5618.29,5773.34,17737.95,5667.72
259,17737.95,5773.34,5667.72,5795.26,17767.27,5660.89
260,17767.27,5795.26,5660.89,5919.46,17740.84,5814.31
261,17740.84,5919.46,5814.31,6067.12,17702.9,6001.77
262,17702.9,6067.12,6001.77,5992.29,17761.76,5865.94
263,17761.76,5992.29,5865.94,5897.02,17693.38,5838.33
264,17693.38,5897.02,5838.33,5724.09,17732.81,5623.04
265,17732.81,5724.09,5623.04,5596.99,17704.21,5523.36
266,17704.21,5596.99,5523.36,5304.18,17661.95,5268.23
267,17661.95,5304.18,5268.23,4989.63,17725.76,4885.78
268,17725.76,4989.63,4885.78,4735.55,17668.72,4686.95
269,17668.72,4735.55,4686.95,4580.11,17674.57,4524.07
270,17674.57,4580.11,4524.07,4494.39,17704.22,4408.31
271,17704.22,4494.39,4408.31,4465.9,17773.47,4309.25
272,17773.47,4465.9,4309.25,4510.55,17741.25,4387.13
273,17741.25,4510.55,4387.13,4669.74,17783.72,4505.51
274,17783.72,4669.74,4505.51,5097.27,17955.07,4764.33
275,17955.07,5097.27,4764.33,5590.77,18012.03,5205.99
276,18012.03,5590.77,5205.99,5752.02,17821.6,5560.46
277,17821.6,5752.02,5560.46,5634.03,17961.94,5299.81
278,17961.94,5634.03,5299.81,5588.22,17805.78,5411.58
279,17805.78,5588.22,5411.58,5537.64,17658.18,5509.72
280,17658.18,5537.64,5509.72,5512.76,17692.62,5450.35
281,17692.62,5512.76,5450.35,5536.88,17734.14,5431.25
282,17734.14,5536.88,5431.25,5647.19,17720.44,5558.29
283,17720.44,5647.19,5558.29,5708.67,17671.81,5670.1
284,17671.81,5708.67,5670.1,5841.1,17689.66,5785.59
285,17689.66,5841.1,5785.59,6182.0,17719.6,6101.62
286,17719.6,6182.0,6101.62,6562.46,17670.26,6539.55
287,17670.26,6562.46,6539.55,6640.59,17677.55,6611.94
288,17677.55,6640.59,6611.94,6628.35,17702.03,6574.89
289,17702.03,6628.35,6574.89,6454.44,17690.89,6406.87
290,17690.89,6454.44,6406.87,6291.18,17717.79,6214.79
291,17717.79,6291.18,6214.79,6006.83,17674.78,5968.95
292,17674.78,6006.83,5968.95,5665.22,17757.53,5538.4
293,17757.53,5665.22,5538.4,5414.32,17688.04,5353.73
294,17688.04,5414.32,5353.73,5236.0,17730.4,5130.91
295,17730.4,5236.0,5130.91,5114.54,17717.83,5020.62
296,17717.83,5114.54,5020.62,5042.2,17725.31,4940.59
297,17725.31,5042.2,4940.59,5013.01,18091.77,4541.3
298,18091.77,5013.01,4541.3,5122.43,18405.0,4336.32
299,18405.0,5122.43,4336.32,5413.72,18412.23,4623.14
300,18412.23,5413.72,4623.14,5919.85,18394.65,5152.74
301,18394.65,5919.85,5152.74,6134.22,18151.18,5615.78
302,18151.18,6134.22,5615.78,6053.42,17817.03,5874.66
303,17817.03,6053.42,5874.66,5838.54,17712.04,5760.82
304,17712.04,5838.54,5760.82,5730.65,17733.38,5630.03
305,17733.38,5730.65,5630.03,5666.43,17698.48,5600.44
306,17698.48,5666.43,5600.44,5640.68,17719.97,5552.45
307,17719.97,5640.68,5552.45,5703.33,17652.52,5683.71
308,17652.52,5703.33,5683.71,5819.05,17694.46,5759.24
309,17694.46,5819.05,5759.24,6089.41,17659.64,6068.81
310,17659.64,6089.41,6068.81,6403.94,17729.84,6316.45
311,17729.84,6403.94,6316.45,6689.9,17651.67,6688.61
312,17651.67,6689.9,6688.61,6575.32,17737.7,6484.04
313,17737.7,6575.32,6484.04,6483.39,17721.96,6406.72
314,17721.96,6483.39,6406.72,6372.54,17717.92,6297.03
315,17717.92,6372.54,6297.03,6193.57,17675.83,6158.36
316,17675.83,6193.57,6158.36,5974.24,17756.37,5854.38
317,17756.37,5974.24,5854.38,5710.22,17729.07,5613.28
318,17729.07,5710.22,5613.28,5448.07,17730.95,5345.28
319,17730.95,5448.07,5345.28,5309.64,17687.07,5248.22
320,17687.07,5309.64,5248.22,5186.6,17725.28,5085.57
321,17725.28,5186.6,5085.57,5140.63,17927.22,4835.97
322,17927.22,5140.63,4835.97,5109.27,17992.61,4738.96
323,17992.61,5109.27,4738.96,5230.77,18143.64,4709.87
324,18143.64,5230.77,4709.87,5404.51,18049.99,4978.34
325,18049.99,5404.51,4978.34,5647.49,18020.19,5255.47
326,18020.19,5647.49,5255.47,5722.79,17856.79,5495.1
327,17856.79,5722.79,5495.1,5525.15,17784.76,5368.17
328,17784.76,5525.15,5368.17,5367.96,17716.41,5278.65
329,17716.41,5367.96,5278.65,5246.74,17677.16,5195.71
330,17677.16,5246.74,5195.71,5141.04,17663.88,5102.41
331,17663.88,5141.04,5102.41,5139.24,17705.98,5058.05
332,17705.98,5139.24,5058.05,5241.74,17731.73,5134.98
333,17731.73,5241.74,5134.98,5529.44,17725.97,5432.56
334,17725.97,5529.44,5432.56,5959.02,17684.77,5911.6
335,17684.77,5959.02,5911.6,6303.55,17697.43,6249.23
336,17697.43,6303.55,6249.23,6334.42,17742.31,6234.54
337,17742.31,6334.42,6234.54,6253.78,17691.8,6203.45
338,17691.8,6253.78,6203.45,6155.2,17734.01,6060.01
339,17734.01,6155.2,6060.01,6012.18,17694.96,5953.03
340,17694.96,6012.18,5953.03,5864.25,17697.15,5801.25
341,17697.15,5864.25,5801.25,5646.33,17749.77,5527.59
342,17749.77,5646.33,5527.59,5388.0,17785.43,5228.17
343,17785.43,5388.0,5228.17,5239.47,17698.97,5165.35
344,17698.97,5239.47,5165.35,5129.9,17681.9,5071.61
345,17681.9,5129.9,5071.61,5058.8,17833.85,4847.01
346,17833.85,5058.8,4847.01,5025.91,17823.53,4824.53
347,17823.53,5025.91,4824.53,5128.65,17897.37,4854.0
348,17897.37,5128.65,4854.0,5222.88,17775.4,5072.64
349,17775.4,5222.88,5072.64,5419.53,17756.44,5290.41
350,17756.44,5419.53,5290.41,5505.62,17702.51,5432.86
351,17702.51,5505.62,5432.86,5486.38,17685.39,5429.59
352,17685.39,5486.38,5429.59,5504.97,17691.79,5442.08
353,17691.79,5504.97,5442.08,5397.67,17745.78,5278.11
354,17745.78,5397.67,5278.11,5480.06,17761.65,5346.79
355,17761.65,5480.06,5346.79,5624.77,17667.83,5588.6
356,17667.83,5624.77,5588.6,5726.07,17689.99,5668.27
357,17689.99,5726.07,5668.27,5811.52,17706.23,5738.93
358,17706.23,5811.52,5738.93,5955.0,17740.59,5850.18
359,17740.59,5955.0,5850.18,6237.78,17711.1,6167.05
360,17711.1,6237.78,6167.05,6280.69,17709.89,6211.39
361,17709.89,6280.69,6211.39,6196.76,17689.56,6146.06
362,17689.56,6196.76,6146.06,6071.13,17698.25,6011.33
363,17698.25,6071.13,6011.33,5870.85,17690.65,5814.27
364,17690.65,5870.85,5814.27,5585.9,17640.1,5576.66
365,17640.1,5585.9,5576.66,5280.36,17672.3,5233.76
366,17672.3,5280.36,5233.76,5010.98,17717.01,4916.59
367,17717.01,5010.98,4916.59,4841.36,17712.89,4748.87
368,17712.89,4841.36,4748.87,4730.45,17636.06,4714.2
369,17636.06,4730.45,4714.2,4669.46,17798.25,4489.74
370,17798.25,4669.46,4489.74,4672.46,17966.17,4323.81
371,17966.17,4672.46,4323.81,4838.13,17767.53,4691.25
372,17767.53,4838.13,4691.25,5204.84,17910.36,4916.8
373,17910.36,5204.84,4916.8,5666.88,17908.63,5387.25
374,17908.63,5666.88,5387.25,5900.24,17762.69,5771.84
375,17762.69,5900.24,5771.84,5938.46,17721.09,5853.25
376,17721.09,5938.46,5853.25,5895.04,17669.61,5861.11
377,17669.61,5895.04,5861.11,5876.13,17714.08,5797.52
378,17714.08,5876.13,5797.52,5865.3,17662.96,5838.3
379,17662.96,5865.3,5838.3,5826.65,17702.97,5757.51
380,17702.97,5826.65,5757.51,5861.89,17635.25,5862.24
381,17635.25,5861.89,5862.24,5943.57,17746.19,5833.25
382,17746.19,5943.57,5833.25,6012.76,17713.06,5936.42
383,17713.06,6012.76,5936.42,6308.41,17677.42,6272.66
384,17677.42,6308.41,6272.66,6371.42,17690.3,6323.88
385,17690.3,6371.42,6323.88,6230.15,17716.89,6154.69
386,17716.89,6230.15,6154.69,6039.61,17744.24,5932.31
387,17744.24,6039.61,5932.31,5860.28,17715.54,5778.78
388,17715.54,5860.28,5778.78,5552.72,17680.76,5501.98
389,17680.76,5552.72,5501.98,5162.93,17677.35,5109.79
390,17677.35,5162.93,5109.79,4851.54,17670.22,4802.46
391,17670.22,4851.54,4802.46,4637.62,17749.39,4506.85
392,17749.39,4637.62,4506.85,4500.03,17749.74,4367.48
393,17749.74,4500.03,4367.48,4401.93,17784.97,4233.34
394,17784.97,4401.93,4233.34,4367.55,17756.24,4227.25
395,17756.24,4367.55,4227.25,4465.19,17805.5,4276.45
396,17805.5,4465.19,4276.45,4756.41,17819.38,4555.75
397,17819.38,4756.41,4555.75,5225.26,17787.0,5062.86
398,17787.0,5225.26,5062.86,5480.19,17722.75,5385.88
399,17722.75,5480.19,5385.88,5529.15,17680.8,5477.54
400,17680.8,5529.15,5477.54,5477.68,17721.08,5384.86
401,17721.08,5477.68,5384.86,5379.71,17685.48,5321.98
402,17685.48,5379.71,5321.98,5297.7,17691.59,5232.75
403,17691.59,5297.7,5232.75,5163.36,17719.14,5068.76
404,17719.14,5163.36,5068.76,5208.19,17691.13,5142.73
405,17691.13,5208.19,5142.73,5263.81,17783.78,5104.33
406,17783.78,5263.81,5104.33,5470.79,17683.3,5416.16
407,17683.3,5470.79,5416.16,5676.37,17699.46,5608.27
408,17699.46,5676.37,5608.27,6020.2,17684.5,5973.62
409,17684.5,6020.2,5973.62,5989.12,17736.62,5887.94
410,17736.62,5989.12,5887.94,5913.85,17645.0,5904.83
411,17645.0,5913.85,5904.83,5755.51,17681.28,5707.02
412,17681.28,5755.51,5707.02,5578.59,17688.24,5520.06
413,17688.24,5578.59,5520.06,5289.82,17683.12,5232.82
414,17683.12,5289.82,5232.82,4958.91,17744.25,4836.57
415,17744.25,4958.91,4836.57,4705.7,17767.49,4557.46
416,17767.49,4705.7,4557.46,4543.18,17691.94,4468.5
417,17691.94,4543.18,4468.5,4449.84,17697.24,4369.46
418,17697.24,4449.84,4369.46,4414.11,17735.5,4295.48
419,17735.5,4414.11,4295.48,4426.28,17671.87,4370.87
420,17671.87,4426.28,4370.87,4645.7,17728.15,4536.18
421,17728.15,4645.7,4536.18,5098.89,17697.16,5025.46
422,17697.16,5098.89,5025.46,5551.57,17745.87,5435.01
423,17745.87,5551.57,5435.01,5574.67,17704.11,5500.56
424,17704.11,5574.67,5500.56,5497.14,17714.03,5412.0
425,17714.03,5497.14,5412.0,5362.31,17701.1,5288.43
426,17701.1,5362.31,5288.43,5296.54,17764.77,5157.39
427,17764.77,5296.54,5157.39,5269.75,17714.25,5180.6
428,17714.25,5269.75,5180.6,5355.56,17774.05,5207.71
429,17774.05,5355.56,5207.71,5476.24,17644.02,5461.16
430,17644.02,5476.24,5461.16,5586.8,17648.39,5569.44
431,17648.39,5586.8,5569.44,5794.67,17748.09,5679.52
432,17748.09,5794.67,5679.52,6031.22,17699.16,5970.25
433,17699.16,6031.22,5970.25,6154.14,17726.79,6067.05
434,17726.79,6154.14,6067.05,6063.86,17707.9,5994.27
435,17707.9,6063.86,5994.27,5965.43,17774.92,5825.66
436,17774.92,5965.43,5825.66,5776.6,17728.83,5680.76
437,17728.83,5776.6,5680.76,5502.93,17655.21,5476.76
438,17655.21,5502.93,5476.76,5172.31,17715.71,5081.21
439,17715.71,5172.31,5081.21,4869.64,17699.19,4791.53
440,17699.19,4869.64,4791.53,4658.69,17716.65,4560.15
441,17716.65,4658.69,4560.15,4512.66,18018.07,4110.98
442,18018.07,4512.66,4110.98,4443.65,18426.21,3629.96
443,18426.21,4443.65,3629.96,4411.61,18470.78,3552.53
444,18470.78,4411.61,3552.53,4552.81,18459.2,3706.75
445,18459.2,4552.81,3706.75,4848.88,18257.58,4208.82
446,18257.58,4848.88,4208.82,5342.16,17875.44,5090.44
447,17875.44,5342.16,5090.44,5684.56,17672.9,5643.68
448,17672.9,5684.56,5643.68,5680.82,17718.49,5594.06
449,17718.49,5680.82,5594.06,5586.45,17731.74,5484.88
450,17731.74,5586.45,5484.88,5567.84,17777.23,5419.8
451,17777.23,5567.84,5419.8,5546.1,17745.26,5430.38
452,17745.26,5546.1,5430.38,5515.38,17685.8,5458.89
453,17685.8,5515.38,5458.89,5602.76,17738.56,5494.04
454,17738.56,5602.76,5494.04,5701.97,17651.88,5682.81
455,17651.88,5701.97,5682.81,5827.23,17699.79,5760.97
456,17699.79,5827.23,5760.97,6134.21,17670.32,6103.56
457,17670.32,6134.21,6103.56,6388.68,17670.59,6362.46
458,17670.59,6388.68,6362.46,6317.69,17713.37,6246.29
459,17713.37,6317.69,6246.29,6255.76,17740.69,6155.2
460,17740.69,6255.76,6155.2,6136.53,17696.82,6079.04
461,17696.82,6136.53,6079.04,5898.9,17738.88,5794.11
462,17738.88,5898.9,5794.11,5594.44,17689.41,5536.03
463,17689.41,5594.44,5536.03,5283.97,17726.87,5182.7
464,17726.87,5283.97,5182.7,5068.13,17726.57,4964.38
465,17726.57,5068.13,4964.38,4868.29,17956.32,4531.7
466,17956.32,4868.29,4531.7,4775.1,18190.97,4200.8
467,18190.97,4775.1,4200.8,4738.14,18324.63,4029.26
468,18324.63,4738.14,4029.26,4754.62,18477.29,3892.26
469,18477.29,4754.62,3892.26,4981.24,18012.54,4588.24
470,18012.54,4981.24,4588.24,5399.57,17853.81,5170.92
471,17853.81,5399.57,5170.92,5779.04,17751.13,5660.5
472,17751.13,5779.04,5660.5,5982.58,17689.66,5929.95
473,17689.66,5982.58,5929.95,6071.54,17703.72,6005.68
474,17703.72,6071.54,6005.68,6200.63,17744.83,6096.23
475,17744.83,6200.63,6096.23,6233.25,17705.9,6168.47
476,17705.9,6233.25,6168.47,6213.66,17693.93,6160.08
477,17693.93,6213.66,6160.08,6223.33,17766.46,6096.83
478,17766.46,6223.33,6096.83,6219.55,17671.77,6189.17
479,17671.77,6219.55,6189.17,6254.71,17674.57,6222.48
480,17674.57,6254.71,6222.48,6375.21,17711.29,6306.79
481,17711.29,6375.21,6306.79,6553.47,17732.95,6466.82
482,17732.95,6553.47,6466.82,6464.71,17716.01,6392.96
483,17716.01,6464.71,6392.96,6372.63,17705.69,6308.92
484,17705.69,6372.63,6308.92,6226.64,17722.15,6145.4
485,17722.15,6226.64,6145.4,6014.73,17739.43,5910.54
486,17739.43,6014.73,5910.54,5746.07,17693.99,5684.41
487,17693.99,5746.07,5684.41,5443.2,17684.37,5387.31
488,17684.37,5443.2,5387.31,5211.78,17746.0,5089.83
489,17746.0,5211.78,5089.83,5058.86,17748.07,4933.19
490,17748.07,5058.86,4933.19,4939.1,17765.3,4795.37
491,17765.3,4939.1,4795.37,4889.63,17830.01,4679.77
492,17830.01,4889.63,4679.77,4877.01,17766.36,4730.74
493,17766.36,4877.01,4730.74,4995.12,17736.77,4880.39
494,17736.77,4995.12,4880.39,5189.86,17690.77,5124.32
495,17690.77,5189.86,5124.32,5446.48,17676.46,5398.03
496,17676.46,5446.48,5398.03,5714.38,17748.78,5597.0
497,17748.78,5714.38,5597.0,5905.76,17686.6,5854.47
498,17686.6,5905.76,5854.47,6001.97,17663.38,5974.6
499,17663.38,6001.97,5974.6,6106.57,17671.74,6074.15
500,17671.74,6106.57,6074.15,6124.32,17691.64,6071.6
501,17691.64,6124.32,6071.6,6071.85,17681.95,6028.01
502,17681.95,6071.85,6028.01,6073.27,17680.7,6030.73
503,17680.7,6073.27,6030.73,6105.45,17710.15,6034.07
504,17710.15,6105.45,6034.07,6295.33,17758.02,6179.43
505,17758.02,6295.33,6179.43,6608.47,17732.95,6521.9
506,17732.95,6608.47,6521.9,6663.89,17734.82,6576.47
507,17734.82,6663.89,6576.47,6630.76,17730.43,6547.03
508,17730.43,6630.76,6547.03,6543.78,17687.58,6501.4
509,17687.58,6543.78,6501.4,6384.73,17719.88,6307.29
510,17719.88,6384.73,6307.29,6208.02,17680.81,6168.54
511,17680.81,6208.02,6168.54,5915.89,17720.82,5829.06
512,17720.82,5915.89,5829.06,5730.08,17739.69,5622.11
513,17739.69,5730.08,5622.11,5566.52,17799.82,5395.67
514,17799.82,5566.52,5395.67,5454.55,17961.03,5118.21
515,17961.03,5454.55,5118.21,5374.76,17992.02,5008.36
516,17992.02,5374.76,5008.36,5344.88,17993.16,4975.29
517,17993.16,5344.88,4975.29,5438.74,17902.62,5161.85
518,17902.62,5438.74,5161.85,5573.78,17763.47,5438.46
519,17763.47,5573.78,5438.46,5770.49,17709.27,5693.91
520,17709.27,5770.49,5693.91,5952.11,17690.21,5897.01
521,17690.21,5952.11,5897.01,6079.96,17747.03,5970.98
522,17747.03,6079.96,5970.98,6131.86,17716.77,6054.39
523,17716.77,6131.86,6054.39,6237.81,17719.89,6158.91
524,17719.89,6237.81,6158.91,6196.64,17637.1,6200.55
525,17637.1,6196.64,6200.55,6191.09,17693.38,6137.52
526,17693.38,6191.09,6137.52,6165.35,17739.17,6065.07
527,17739.17,6165.35,6065.07,6148.83,17681.36,6107.49
528,17681.36,6148.83,6107.49,6270.61,17668.56,6243.67
529,17668.56,6270.61,6243.67,6453.76,17728.27,6368.93
530,17728.27,6453.76,6368.93,6892.93,17694.04,6769.28
531,17694.04,6892.93,6769.28,6952.98,17701.42,6808.35
532,17701.42,6952.98,6808.35,6971.31,17670.64,6819.79
533,17670.64,6971.31,6819.79,6928.52,17679.2,6888.11
534,17679.2,6928.52,6888.11,6794.24,17724.9,6719.63
535,17724.9,6794.24,6719.63,6578.53,17751.94,6472.25
536,17751.94,6578.53,6472.25,6332.56,17673.88,6301.63
537,17673.88,6332.56,6301.63,6011.14,17727.88,5918.76
538,17727.88,6011.14,5918.76,5869.35,17707.49,5795.45
539,17707.49,5869.35,5795.45,5776.86,17673.58,5736.7
540,17673.58,5776.86,5736.7,5668.78,17759.36,5539.9
541,17759.36,5668.78,5539.9,5633.25,17689.23,5575.2
542,17689.23,5633.25,5575.2,5695.35,17703.1,5623.85
543,17703.1,5695.35,5623.85,5881.64,17693.91,5822.08
544,17693.91,5881.64,5822.08,6253.93,17701.57,6192.99
545,17701.57,6253.93,6192.99,6614.82,17754.84,6506.79
546,17754.84,6614.82,6506.79,6764.15,17733.87,6681.39
547,17733.87,6764.15,6681.39,6782.91,17686.92,6728.19
548,17686.92,6782.91,6728.19,6792.04,17700.4,6742.92
549,17700.4,6792.04,6742.92,6716.46,17656.91,6711.49
550,17656.91,6716.46,6711.49,6628.35,17706.5,6571.32
551,17706.5,6628.35,6571.32,6597.82,17722.88,6523.27
552,17722.88,6597.82,6523.27,6557.38,17664.99,6539.93
553,17664.99,6557.38,6539.93,6546.55,17742.83,6449.55
554,17742.83,6546.55,6449.55,6681.98,17687.54,6645.61
555,17687.54,6681.98,6645.61,6979.75,17663.03,6826.88
556,17663.03,6979.75,6826.88,7113.24,17674.93,6870.09
557,17674.93,7113.24,6870.09,7023.52,17791.1,6815.79
558,17791.1,7023.52,6815.79,6875.25,17721.89,6775.63
559,17721.89,6875.25,6775.63,6668.83,17720.67,6595.29
560,17720.67,6668.83,6595.29,6453.2,17728.25,6369.38
561,17728.25,6453.2,6369.38,6162.33,17929.51,5869.6
562,17929.51,6162.33,5869.6,5793.82,18123.66,5299.57
563,18123.66,5793.82,5299.57,5530.72,18174.75,4980.4
564,18174.75,5530.72,4980.4,5336.07,18297.47,4660.45
565,18297.47,5336.07,4660.45,5245.13,18096.76,4769.87
566,18096.76,5245.13,4769.87,5112.53,18009.14,4724.06
567,18009.14,5112.53,4724.06,5136.03,17746.01,5013.0
568,17746.01,5136.03,5013.0,5251.92,17762.21,5114.81
569,17762.21,5251.92,5114.81,5517.48,17656.93,5490.21
570,17656.93,5517.48,5490.21,5837.76,17717.8,5754.69
571,17717.8,5837.76,5754.69,6039.8,17642.73,6035.33
572,17642.73,6039.8,6035.33,6294.39,17717.5,6219.11
573,17717.5,6294.39,6219.11,6363.15,17649.73,6358.3
574,17649.73,6363.15,6358.3,6361.44,17710.94,6293.48
575,17710.94,6361.44,6293.48,6253.51,17727.55,6165.91
576,17727.55,6253.51,6165.91,6135.57,17642.81,6132.41
577,17642.81,6135.57,6132.41,6023.63,17698.84,5961.32
578,17698.84,6023.63,5961.32,6031.88,17722.78,5946.29
579,17722.78,6031.88,5946.29,6145.26,17732.49,6052.28
580,17732.49,6145.26,6052.28,6333.06,17694.56,6281.96
581,17694.56,6333.06,6281.96,6167.35,17792.64,6012.09
582,17792.64,6167.35,6012.09,6048.57,17696.67,5989.56
583,17696.67,6048.57,5989.56,5919.39,17778.94,5775.83
584,17778.94,5919.39,5775.83,5758.31,17694.73,5696.71
585,17694.73,5758.31,5696.71,5579.52,18107.02,5098.57
586,18107.02,5579.52,5098.57,5343.16,18412.69,4551.09
587,18412.69,5343.16,4551.09,5157.03,18468.59,4306.82
588,18468.59,5157.03,4306.82,5055.49,18562.49,4110.74
589,18562.49,5055.49,4110.74,4947.4,18360.21,4204.79
590,18360.21,4947.4,4204.79,4859.52,17910.99,4567.41
591,17910.99,4859.52,4567.41,4861.17,17699.59,4782.52
592,17699.59,4861.17,4782.52,4917.54,17701.68,4836.71
593,17701.68,4917.54,4836.71,5042.01,17689.06,4976.23
594,17689.06,5042.01,4976.23,5207.88,17728.3,5103.41
595,17728.3,5207.88,5103.41,5402.16,17695.07,5334.59
596,17695.07,5402.16,5334.59,5485.54,17758.86,5354.28
597,17758.86,5485.54,5354.28,5540.85,17737.75,5431.81
598,17737.75,5540.85,5431.81,5507.84,17718.05,5418.75
599,17718.05,5507.84,5418.75,5442.98,17726.02,5345.11
600,17726.02,5442.98,5345.11,5412.92,17669.85,5371.52
601,17669.85,5412.92,5371.52,5393.59,17765.07,5254.66
602,17765.07,5393.59,5254.66,5492.02,17729.2,5392.36
603,17729.2,5492.02,5392.36,5698.83,17640.85,5689.8
604,17640.85,5698.83,5689.8,5909.78,17718.73,5825.56
605,17718.73,5909.78,5825.56,5933.02,17672.47,5896.39
606,17672.47,5933.02,5896.39,5907.73,17707.17,5835.65
607,17707.17,5907.73,5835.65,5863.71,17691.61,5806.48
608,17691.61,5863.71,5806.48,5765.54,17703.01,5695.48
609,17703.01,5765.54,5695.48,5662.65,17889.4,5401.73
610,17889.4,5662.65,5401.73,5434.78,18090.78,4966.54
611,18090.78,5434.78,4966.54,5238.9,18303.19,4557.24
612,18303.19,5238.9,4557.24,5110.33,18173.76,4556.43
613,18173.76,5110.33,4556.43,5041.16,18134.82,4526.06
614,18134.82,5041.16,4526.06,5006.61,17973.97,4652.74
615,17973.97,5006.61,4652.74,5057.14,17761.94,4918.23
616,17761.94,5057.14,4918.23,5193.75,17695.58,5122.6
617,17695.58,5193.75,5122.6,5488.41,17714.5,5402.41
618,17714.5,5488.41,5402.41,5841.99,17702.64,5772.81
619,17702.64,5841.99,5772.81,5984.99,17631.85,5990.39
620,17631.85,5984.99,5990.39,6025.13,17710.72,5951.2
621,17710.72,6025.13,5951.2,6000.22,17754.35,5881.7
622,17754.35,6000.22,5881.7,5924.76,17715.04,5844.68
623,17715.04,5924.76,5844.68,5916.47,17736.82,5814.72
624,17736.82,5916.47,5814.72,5826.95,17713.89,5747.33
625,17713.89,5826.95,5747.33,5847.96,17719.3,5764.13
626,17719.3,5847.96,5764.13,6001.02,17671.21,5966.39
627,17671.21,6001.02,5966.39,6184.55,17688.51,6136.42
628,17688.51,6184.55,6136.42,6554.78,17652.84,6548.32
629,17652.84,6554.78,6548.32,6572.72,17667.58,6553.06
630,17667.58,6572.72,6553.06,6506.63,17677.38,6475.67
631,17677.38,6506.63,6475.67,6406.09,17735.71,6314.41
632,17735.71,6406.09,6314.41,6202.02,17696.41,6145.46
633,17696.41,6202.02,6145.46,5959.47,17860.08,5734.15
634,17860.08,5959.47,5734.15,5647.64,18074.58,5199.0
635,18074.58,5647.64,5199.0,5421.46,18292.01,4752.71
636,18292.01,5421.46,4752.71,5290.85,18118.17,4795.03
637,18118.17,5290.85,4795.03,5218.05,18016.36,4823.19
638,18016.36,5218.05,4823.19,5154.31,17776.45,5002.19
639,17776.45,5154.31,5002.19,5178.36,17693.32,5109.42
640,17693.32,5178.36,5109.42,5330.39,17738.94,5217.2
641,17738.94,5330.39,5217.2,5454.08,17721.76,5359.76
642,17721.76,5454.08,5359.76,5802.23,17696.38,5738.45
643,17696.38,5802.23,5738.45,5996.01,17648.37,5984.59
644,17648.37,5996.01,5984.59,5992.12,17712.74,5914.99
645,17712.74,5992.12,5914.99,5893.23,17726.19,5801.71
646,17726.19,5893.23,5801.71,5843.62,17751.33,5726.04
647,17751.33,5843.62,5726.04,5793.59,17733.06,5693.98
648,17733.06,5793.59,5693.98,5680.92,17671.88,5641.33
649,17671.88,5680.92,5641.33,5728.05,17689.06,5672.36
650,17689.06,5728.05,5672.36,5799.66,17700.08,5732.66
651,17700.08,5799.66,5732.66,5939.85,17681.99,5893.83
652,17681.99,5939.85,5893.83,6252.43,17697.19,6196.46
653,17697.19,6252.43,6196.46,6416.75,17725.01,6335.67
654,17725.01,6416.75,6335.67,6293.55,17696.05,6239.29
655,17696.05,6293.55,6239.29,6145.87,17662.0,6122.95
656,17662.0,6145.87,6122.95,6015.7,17723.24,5929.05
657,17723.24,6015.7,5929.05,5776.47,17706.16,5702.61
658,17706.16,5776.47,5702.61,5493.24,17709.65,5412.0
659,17709.65,5493.24,5412.0,5230.21,17781.18,5072.51
660,17781.18,5230.21,5072.51,4975.85,17746.01,4852.4
661,17746.01,4975.85,4852.4,4863.23,17794.95,4688.7
662,17794.95,4863.23,4688.7,4741.08,17738.72,4621.78
663,17738.72,4741.08,4621.78,4708.02,17715.47,4612.57
664,17715.47,4708.02,4612.57,4689.66,17744.57,4564.14
665,17744.57,4689.66,4564.14,4787.9,17738.28,4669.68
666,17738.28,4787.9,4669.68,4941.85,17650.86,4912.6
667,17650.86,4941.85,4912.6,5154.2,17680.99,5097.32
668,17680.99,5154.2,5097.32,5272.14,17769.01,5128.32
669,17769.01,5272.14,5128.32,5412.59,17753.3,5285.98
670,17753.3,5412.59,5285.98,5485.46,17748.12,5365.72
671,17748.12,5485.46,5365.72,5419.26,17637.23,5410.01
672,17637.23,5419.26,5410.01,5404.13,17732.31,5298.6
673,17732.31,5404.13,5298.6,5390.94,17656.05,5363.05
674,17656.05,5390.94,5363.05,5319.74,17689.92,5256.34
675,17689.92,5319.74,5256.34,5414.71,17718.02,5324.4
676,17718.02,5414.71,5324.4,5582.56,17687.28,5524.98
677,17687.28,5582.56,5524.98,5794.43,17740.57,5686.11
678,17740.57,5794.43,5686.11,5741.42,17765.35,5608.13
679,17765.35,5741.42,5608.13,5629.19,17686.69,5573.51
680,17686.69,5629.19,5573.51,5548.18,17735.49,5442.63
681,17735.49,5548.18,5442.63,5385.98,17687.37,5326.03
682,17687.37,5385.98,5326.03,5158.98,17838.79,4943.26
683,17838.79,5158.98,4943.26,4890.62,17808.98,4702.77
684,17808.98,4890.62,4702.77,4734.05,17761.23,4591.8
685,17761.23,4734.05,4591.8,4552.82,17739.16,4431.54
686,17739.16,4552.82,4431.54,4437.76,17717.45,4336.86
687,17717.45,4437.76,4336.86,4376.3,17660.28,4332.34
688,17660.28,4376.3,4332.34,4373.54,17725.59,4264.81
689,17725.59,4373.54,4264.81,4420.52,17696.8,4340.2
690,17696.8,4420.52,4340.2,4516.65,17724.92,4409.33
691,17724.92,4516.65,4409.33,4675.2,17695.26,4598.94
692,17695.26,4675.2,4598.94,4811.08,17752.35,4678.98
693,17752.35,4811.08,4678.98,4968.38,17715.44,4875.28
694,17715.44,4968.38,4875.28,5100.56,17680.64,5043.19
695,17680.64,5100.56,5043.19,5136.78,17656.63,5104.22
696,17656.63,5136.78,5104.22,5087.4,17692.88,5018.49
697,17692.88,5087.4,5018.49,5109.01,17637.8,5095.38
698,17637.8,5109.01,5095.38,5110.08,17719.44,5013.98
699,17719.44,5110.08,5013.98,5165.19,17730.27,5059.21
700,17730.27,5165.19,5059.21,5341.72,17711.68,5257.15
701,17711.68,5341.72,5257.15,5630.31,17673.65,5587.7
702,17673.65,5630.31,5587.7,5541.35,17703.86,5466.84
703,17703.86,5541.35,5466.84,5432.52,17680.05,5380.01
704,17680.05,5432.52,5380.01,5321.01,17677.39,5270.04
705,17677.39,5321.01,5270.04,5159.22,17817.95,4965.2
706,17817.95,5159.22,4965.2,4878.11,18001.73,4495.03
707,18001.73,4878.11,4495.03,4614.77,18163.38,4066.5
708,18163.38,4614.77,4066.5,4370.28,18147.54,3835.75
709,18147.54,4370.28,3835.75,4281.09,17934.68,3960.46
710,17934.68,4281.09,3960.46,4183.67,17872.54,3924.07
711,17872.54,4183.67,3924.07,4118.27,17689.28,4043.26
712,17689.28,4118.27,4043.26,4132.69,17743.09,4003.31
713,17743.09,4132.69,4003.31,4273.19,17700.36,4188.58
714,17700.36,4273.19,4188.58,4557.11,17747.59,4427.87
715,17747.59,4557.11,4427.87,4883.04,17753.91,4750.08
716,17753.91,4883.04,4750.08,5071.45,17662.28,5032.57
717,17662.28,5071.45,5032.57,5131.78,17732.91,5022.91
718,17732.91,5131.78,5022.91,5171.32,17729.32,5065.81
719,17729.32,5171.32,5065.81,5095.79,17673.96,5045.3
720,17673.96,5095.79,5045.3,5096.37,17736.45,4983.7
721,17736.45,5096.37,4983.7,5084.89,17664.14,5044.68
722,17664.14,5084.89,5044.68,5206.04,17726.31,5104.01
723,17726.31,5206.04,5104.01,5349.24,17767.18,5208.01
724,17767.18,5349.24,5208.01,5600.22,17670.54,5560.09
725,17670.54,5600.22,5560.09,5891.94,17700.07,5826.14
726,17700.07,5891.94,5826.14,5881.73,17757.23,5758.75
727,17757.23,5881.73,5758.75,5777.95,17737.3,5672.5
728,17737.3,5777.95,5672.5,5617.73,17791.75,5455.18
729,17791.75,5617.73,5455.18,5391.85,17872.54,5144.15
730,17872.54,5391.85,5144.15,5137.95,18367.39,4389.55
731,18367.39,5137.95,4389.55,4884.09,18493.54,4006.04
732,18493.54,4884.09,4006.04,4676.83,18539.69,3750.47
733,18539.69,4676.83,3750.47,4448.08,18100.95,3962.71
734,18100.95,4448.08,3962.71,4360.79,17925.75,4050.11
735,17925.75,4360.79,4050.11,4310.78,17703.61,4223.07
736,17703.61,4310.78,4223.07,4345.68,17715.17,4246.97
737,17715.17,4345.68,4246.97,4469.5,17709.37,4377.28
738,17709.37,4469.5,4377.28,4754.23,17722.77,4651.26
739,17722.77,4754.23,4651.26,5081.64,17672.89,5031.85
740,17672.89,5081.64,5031.85,5248.0,17747.25,5125.99
741,17747.25,5248.0,5125.99,5113.96,17746.65,4990.53
742,17746.65,5113.96,4990.53,4886.42,17662.61,4845.78
743,17662.61,4886.42,4845.78,4925.31,17710.45,4837.27
