Episode,Step,Global_Step,Reward,Actor_Loss,Critic_Loss
1,1,1,21.298257531598207,-21.297836303710938,453.5977783203125
1,2,2,20.570217072963715,-20.567623138427734,423.027099609375
1,3,3,20.570211315155028,-20.568519592285156,423.06402587890625
1,4,4,20.57036108970642,-20.56859588623047,423.0671691894531
1,5,5,20.595900785923003,-20.592662811279297,424.0577392578125
1,6,6,20.570228028297425,-20.567310333251953,423.0142517089844
1,7,7,20.570327866077424,-20.56812858581543,423.04791259765625
1,8,8,20.595794332027435,-20.59375,424.1025695800781
1,9,9,20.596001040935516,-20.59392547607422,424.1097717285156
1,10,10,20.57019234895706,-20.568859100341797,423.07794189453125
1,11,11,21.17034511566162,-21.16680145263672,448.033447265625
1,12,12,20.59586888551712,-20.593503952026367,424.0924072265625
1,13,13,19.395968079566956,-19.39373016357422,376.11676025390625
1,14,14,20.595932066440582,-20.592586517333984,424.0546569824219
1,15,15,21.196042311191555,-21.19126319885254,449.06964111328125
1,16,16,19.970193207263943,-19.962547302246094,398.50335693359375
1,17,17,8.570288121700287,-8.565893173217773,73.37452697753906
1,18,18,18.195906794071195,-18.195066452026367,331.0604248046875
1,19,19,14.595855963230132,-14.594263076782227,212.99252319335938
1,20,20,16.370177590847014,-16.368499755859375,267.9277648925781
1,21,21,19.370275127887727,-19.36710548400879,375.08477783203125
1,22,22,19.970286130905148,-19.968311309814453,398.7335205078125
1,23,23,21.17028313875198,-21.168468475341797,448.10400390625
1,24,24,15.195900857448576,-15.193902969360352,230.8546905517578
1,25,25,22.37037628889084,-22.36467170715332,500.17852783203125
1,26,26,20.57029160261154,-20.566482543945312,422.98016357421875
1,27,27,20.57020206451416,-20.56647491455078,422.9798583984375
1,28,28,20.570290315151215,-20.565868377685547,422.95489501953125
1,29,29,20.570203840732574,-20.563617706298828,422.86236572265625
1,30,30,20.570239162445066,-20.56250762939453,422.81671142578125
1,31,31,21.195854878425596,-21.187252044677734,448.89959716796875
1,32,32,20.595782661437987,-20.59044647216797,423.96649169921875
1,33,33,18.170301818847655,-18.16763687133789,330.0630798339844
1,34,34,15.770469617843627,-15.767780303955078,248.62289428710938
1,35,35,1.070228898525238,-1.0647718906402588,1.133752703666687
1,36,36,16.39585300683975,-16.391098022460938,268.6680603027344
1,37,37,20.570296442508695,-20.565406799316406,422.93597412109375
1,38,38,18.770278644561767,-18.764598846435547,352.11016845703125
1,39,39,20.57046413421631,-20.559532165527344,422.6943359375
1,40,40,18.19583829641342,-18.187387466430664,330.78106689453125
1,41,41,16.370401310920716,-16.359806060791016,267.64324951171875
1,42,42,7.370400965213776,-7.363040924072266,54.21437072753906
1,43,43,11.270195221900938,-11.266278266906738,126.92903137207031
1,44,44,18.170229589939115,-18.16382598876953,329.92462158203125
1,45,45,19.97036030292511,-19.96460723876953,398.5855712890625
1,46,46,19.97026532888412,-19.96609115600586,398.6448974609375
1,47,47,19.970343875885007,-19.96605682373047,398.6434326171875
1,48,48,21.47025190591812,-21.464664459228516,460.7318115234375
1,49,49,21.19588904380798,-21.190189361572266,449.02410888671875
1,50,50,21.195880460739133,-21.190364837646484,449.0315246582031
1,51,51,21.195751774311063,-21.188335418701172,448.9455871582031
1,52,52,20.570288825035096,-20.562646865844727,422.82244873046875
1,53,53,20.57017582654953,-20.563858032226562,422.8722839355469
1,54,54,20.570270824432374,-20.560001373291016,422.713623046875
1,55,55,20.570314359664916,-20.55727195739746,422.6014404296875
1,56,56,20.570314264297483,-20.560691833496094,422.7420654296875
1,57,57,20.595890355110168,-20.585390090942383,423.75830078125
1,58,58,20.570369529724122,-20.566890716552734,422.9970397949219
1,59,59,19.37027848958969,-19.366233825683594,375.05096435546875
1,60,60,20.570167756080625,-20.560861587524414,422.7490234375
1,61,61,19.370320522785185,-19.362628936767578,374.91143798828125
1,62,62,14.570230448246,-14.56253433227539,212.06741333007812
1,63,63,20.57034728527069,-20.561376571655273,422.77020263671875
1,64,64,19.97022428512573,-19.958267211914062,398.33245849609375
1,65,65,19.37032792568207,-19.35946273803711,374.788818359375
1,66,66,19.970256614685056,-19.953643798828125,398.14788818359375
1,67,67,20.27024743556976,-20.259815216064453,410.46014404296875
1,68,68,17.27019157409668,-17.258750915527344,297.864501953125
1,69,69,16.970328021049497,-16.963424682617188,287.7578430175781
1,70,70,14.570357370376586,-14.562509536743164,212.0667266845703
1,71,71,18.770291876792907,-18.762386322021484,352.02728271484375
1,72,72,19.995907592773435,-19.99089813232422,399.6360778808594
1,73,73,13.995863449573514,-13.986539840698242,195.62335205078125
1,74,74,21.82143666744232,-21.812681198120117,475.7930908203125
1,75,75,20.570275139808654,-20.559656143188477,422.6994934082031
1,76,76,20.595842802524565,-20.58698272705078,423.82391357421875
1,77,77,20.59588483572006,-20.584156036376953,423.70751953125
1,78,78,20.57015758752823,-20.556968688964844,422.58892822265625
1,79,79,20.570392525196073,-20.556034088134766,422.5505065917969
1,80,80,16.395937657356264,-16.380746841430664,268.328857421875
1,81,81,18.17027170658111,-18.15938949584961,329.7634582519531
1,82,82,18.795876002311704,-18.787832260131836,352.9826354980469
1,83,83,19.970356643199917,-19.957759857177734,398.3122253417969
1,84,84,15.770233762264251,-15.761253356933594,248.41714477539062
1,85,85,16.9958368062973,-16.98627281188965,288.533447265625
1,86,86,20.57034775018692,-20.555322647094727,422.5213317871094
1,87,87,20.570359063148498,-20.558198928833008,422.6395263671875
1,88,88,20.570243537425995,-20.557823181152344,422.6241455078125
1,89,89,20.570253109931944,-20.55620574951172,422.5576171875
1,90,90,19.99586874246597,-19.980377197265625,399.2154541015625
1,91,91,17.270244908332824,-17.25615692138672,297.77496337890625
1,92,92,14.570268273353577,-14.556168556213379,211.88209533691406
1,93,93,15.19580851793289,-15.18535327911377,230.59500122070312
1,94,94,15.170298707485198,-15.159488677978516,229.81015014648438
1,95,95,18.17036551237106,-18.159271240234375,329.75921630859375
1,96,96,18.170287203788753,-18.15998077392578,329.78497314453125
1,97,97,19.97027802467346,-19.961997985839844,398.48150634765625
1,98,98,19.9702575802803,-19.95810317993164,398.32598876953125
1,99,99,20.57025281190872,-20.558902740478516,422.66851806640625
1,100,100,20.570273280143738,-20.559995651245117,422.71343994140625
1,101,101,20.57023905515671,-20.556472778320312,422.56866455078125
1,102,102,20.595858788490293,-20.58478546142578,423.7333679199219
1,103,103,20.570160162448882,-20.555274963378906,422.5194091796875
1,104,104,20.570206916332243,-20.55434799194336,422.481201171875
1,105,105,20.59581710100174,-20.576492309570312,423.3919982910156
1,106,106,21.195911622047422,-21.17965316772461,448.5777587890625
1,107,107,17.570333886146546,-17.555912017822266,308.2100830078125
1,108,108,18.47026317119598,-18.456024169921875,340.6248474121094
1,109,109,15.770220828056335,-15.755951881408691,248.25006103515625
1,110,110,15.196010935306548,-15.18413257598877,230.55789184570312
1,111,111,20.570265185832977,-20.552047729492188,422.38677978515625
1,112,112,15.795943522453307,-15.781023025512695,249.040771484375
1,113,113,18.770334994792936,-18.75455093383789,351.7331848144531
1,114,114,19.37028020620346,-19.351621627807617,374.48529052734375
1,115,115,11.570266258716583,-11.549457550048828,133.38995361328125
1,116,116,18.795891141891477,-18.774917602539062,352.49755859375
1,117,117,16.97034003734589,-16.954242706298828,287.4464111328125
1,118,118,14.270226180553435,-14.254104614257812,203.17962646484375
1,119,119,15.770172119140625,-15.756866455078125,248.2789306640625
1,120,120,19.370316517353057,-19.356670379638672,374.6807861328125
1,121,121,19.37038494348526,-19.358800888061523,374.7633056640625
1,122,122,15.170322966575622,-15.160122871398926,229.82940673828125
1,123,123,20.57019190788269,-20.557415008544922,422.607421875
1,124,124,20.57020590305328,-20.556987762451172,422.5897216796875
1,125,125,20.570314490795134,-20.554317474365234,422.4800109863281
1,126,126,20.57031658887863,-20.552257537841797,422.3953857421875
1,127,127,20.570229828357697,-20.55064582824707,422.3291015625
1,128,128,20.57027186155319,-20.548954010009766,422.2594909667969
1,129,129,21.170343422889708,-21.150516510009766,447.34429931640625
1,130,130,21.795934712886808,-21.773393630981445,474.0806884765625
1,131,131,19.370332407951356,-19.352630615234375,374.5244140625
1,132,132,19.970419979095457,-19.954341888427734,398.1759033203125
1,133,133,19.970435976982113,-19.955062866210938,398.2047119140625
1,134,134,18.770425164699553,-18.75390625,351.7091369628906
1,135,135,6.17034044265747,-6.153818607330322,37.869529724121094
1,136,136,16.970309066772458,-16.954627990722656,287.45941162109375
1,137,137,19.395854949951172,-19.37332534790039,375.32574462890625
1,138,138,19.07020206451416,-19.051300048828125,362.9520568847656
1,139,139,15.470196020603177,-15.448348999023438,238.65151977539062
1,140,140,20.62147964835167,-20.60025978088379,424.3707275390625
1,141,141,19.095848524570464,-19.0799503326416,364.04449462890625
1,142,142,1.9959112048149106,-1.9760212898254395,3.904788017272949
1,143,143,15.770295572280883,-15.747952461242676,247.99822998046875
1,144,144,14.870228195190428,-14.850034713745117,220.52377319335938
1,145,145,19.37037719488144,-19.357824325561523,374.7254638671875
1,146,146,20.595848619937897,-20.585002899169922,423.7424011230469
1,147,147,14.570275855064391,-14.554325103759766,211.8284912109375
1,148,148,21.795966434478757,-21.780685424804688,474.39837646484375
1,149,149,21.770112848281858,-21.750736236572266,473.09466552734375
1,150,150,20.570284473896027,-20.552629470825195,422.41064453125
1,151,151,20.5702877163887,-20.5533447265625,422.4400634765625
1,152,152,20.57024927139282,-20.546550750732422,422.1607971191406
1,153,153,20.57017763853073,-20.54645347595215,422.15679931640625
1,154,154,21.17020932435989,-21.141151428222656,446.94842529296875
1,155,155,21.19581000804901,-21.17214584350586,448.259765625
1,156,156,20.570393633842468,-20.548770904541016,422.25201416015625
1,157,157,19.970257914066313,-19.949798583984375,397.99456787109375
1,158,158,19.37030690908432,-19.34837532043457,374.35980224609375
1,159,159,19.370272171497344,-19.34549331665039,374.24822998046875
1,160,160,20.570285904407502,-20.545713424682617,422.12652587890625
1,161,161,19.970264649391172,-19.94662094116211,397.8677978515625
1,162,162,21.17036243677139,-21.146862030029297,447.1898498535156
1,163,163,19.97028826475143,-19.948238372802734,397.9322509765625
1,164,164,17.570307075977325,-17.539398193359375,307.6304931640625
1,165,165,15.770343494415282,-15.745445251464844,247.91912841796875
1,166,166,19.970207679271695,-19.94805145263672,397.9248962402344
1,167,167,19.99591207504272,-19.978160858154297,399.126953125
1,168,168,19.970218670368194,-19.945388793945312,397.81884765625
1,169,169,19.995820319652555,-19.977783203125,399.1119384765625
1,170,170,19.970254302024838,-19.944934844970703,397.8008728027344
1,171,171,21.170303142070768,-21.149879455566406,447.31768798828125
1,172,172,20.59591941833496,-20.576648712158203,423.39862060546875
1,173,173,19.970172750949857,-19.94867515563965,397.9497985839844
1,174,174,20.595849728584287,-20.57253074645996,423.2292175292969
1,175,175,21.196045732498167,-21.17357635498047,448.32037353515625
1,176,176,20.570317423343656,-20.54657745361328,422.1619873046875
1,177,177,20.595739710330964,-20.566753387451172,422.991455078125
1,178,178,20.595825505256652,-20.568832397460938,423.0769348144531
1,179,179,20.57026376724243,-20.538352966308594,421.82415771484375
1,180,180,20.595795595645903,-20.57019805908203,423.133056640625
1,181,181,21.170252859592434,-21.14327621459961,447.0383605957031
1,182,182,21.17020554542541,-21.14134407043457,446.9566650390625
1,183,183,21.170314466953275,-21.14402198791504,447.0697937011719
1,184,184,20.595874190330505,-20.56963348388672,423.1098937988281
1,185,185,21.17038297653198,-21.142894744873047,447.02203369140625
1,186,186,21.170362818241117,-21.13738250732422,446.78912353515625
1,187,187,21.79581807851791,-21.76445198059082,473.69140625
1,188,188,21.195887815952297,-21.162405014038086,447.847412109375
1,189,189,20.570253121852875,-20.53673553466797,421.7578125
1,190,190,13.97012947797775,-13.944657325744629,194.45362854003906
1,191,191,19.970475447177886,-19.946767807006836,397.87371826171875
1,192,192,20.570316863059997,-20.54617691040039,422.1455993652344
1,193,193,20.595877492427825,-20.57321548461914,423.25750732421875
1,194,194,19.97033469676971,-19.94599151611328,397.84307861328125
1,195,195,21.17035809755325,-21.1461181640625,447.1587219238281
1,196,196,20.595896673202514,-20.571453094482422,423.1847839355469
1,197,197,21.1703494310379,-21.145782470703125,447.144287109375
1,198,198,21.195806777477262,-21.168678283691406,448.11309814453125
1,199,199,20.595770442485808,-20.570175170898438,423.1322021484375
1,200,200,21.170321452617642,-21.13881492614746,446.84954833984375
1,201,201,20.570173811912536,-20.53025245666504,421.4913330078125
1,202,202,20.59591829776764,-20.55402374267578,422.46783447265625
1,203,203,19.370221185684205,-19.341136932373047,374.0797119140625
1,204,204,19.970388352870938,-19.938344955444336,397.53802490234375
1,205,205,20.570343244075776,-20.541824340820312,421.9666748046875
1,206,206,10.395880675315855,-10.36500358581543,107.43335723876953
1,207,207,19.670330750942227,-19.63893699645996,385.6880187988281
1,208,208,20.570272183418272,-20.53961944580078,421.876220703125
1,209,209,19.970334661006927,-19.93731117248535,397.4964599609375
1,210,210,20.570311188697815,-20.540645599365234,421.9183654785156
1,211,211,20.57031360864639,-20.541217803955078,421.94171142578125
1,212,212,18.770385992527007,-18.731609344482422,350.8732604980469
1,213,213,16.97019180059433,-16.936233520507812,286.83612060546875
1,214,214,20.021485853195188,-19.997041702270508,399.88177490234375
1,215,215,11.595804405212402,-11.573308944702148,133.94161987304688
1,216,216,21.19594390392303,-21.171833038330078,448.24676513671875
1,217,217,19.97028498649597,-19.94392204284668,397.7605895996094
1,218,218,16.370201182365417,-16.34139633178711,267.04205322265625
1,219,219,21.19590671062469,-21.17411231994629,448.343505859375
1,220,220,19.995967519283294,-19.963699340820312,398.5496826171875
1,221,221,21.1959686756134,-21.16628074645996,448.01171875
1,222,222,20.570193815231324,-20.53261947631836,421.5888671875
1,223,223,20.570263576507568,-20.534690856933594,421.6737365722656
1,224,224,19.97023113965988,-19.928279876708984,397.13665771484375
1,225,225,21.77040659189224,-21.730093002319336,472.19696044921875
1,226,226,20.595916604995725,-20.549348831176758,422.2757568359375
1,227,227,21.170286965370174,-21.12788200378418,446.3875427246094
1,228,228,21.17029272317886,-21.128650665283203,446.420166015625
1,229,229,19.970370829105374,-19.93688201904297,397.47998046875
1,230,230,20.570302498340606,-20.537607192993164,421.79364013671875
1,231,231,18.770349740982056,-18.730487823486328,350.83160400390625
1,232,232,19.996000266075132,-19.963077545166016,398.524658203125
1,233,233,19.970392608642577,-19.934125900268555,397.3695068359375
1,234,234,16.395899164676667,-16.359779357910156,267.6424865722656
1,235,235,14.570331919193267,-14.5306396484375,211.1396484375
1,236,236,21.195911228656765,-21.154376983642578,447.50775146484375
1,237,237,12.770349943637846,-12.726275444030762,161.9581298828125
1,238,238,20.570268487930296,-20.53132438659668,421.535888671875
1,239,239,16.970304775238034,-16.936464309692383,286.84423828125
1,240,240,19.370273923873903,-19.334537506103516,373.8248291015625
1,241,241,18.19582856893539,-18.16538429260254,329.98162841796875
1,242,242,20.570361697673796,-20.54153060913086,421.9551696777344
1,243,243,20.570401060581208,-20.541950225830078,421.972412109375
1,244,244,20.595924389362334,-20.563430786132812,422.855224609375
1,245,245,21.195770990848537,-21.16728973388672,448.0544738769531
1,246,246,21.17017409801483,-21.126598358154297,446.3338623046875
1,247,247,21.170254647731777,-21.13421630859375,446.65545654296875
1,248,248,19.970275580883023,-19.923851013183594,396.96026611328125
1,249,249,19.97018115520477,-19.921016693115234,396.8471374511719
1,250,250,21.170225024223324,-21.117801666259766,445.9615478515625
1,251,251,20.57031226158142,-20.518402099609375,421.00482177734375
1,252,252,20.595896446704863,-20.55609893798828,422.55340576171875
1,253,253,21.17027194499969,-21.1289119720459,446.4312744140625
1,254,254,20.570257365703583,-20.52806282043457,421.4016418457031
1,255,255,19.970308530330655,-19.924489974975586,396.98565673828125
1,256,256,16.39590620994568,-16.36398696899414,267.78021240234375
1,257,257,20.570295524597167,-20.52471160888672,421.2641296386719
1,258,258,20.57042232751846,-20.5239315032959,421.23211669921875
1,259,259,19.370340609550475,-19.32960319519043,373.6339111328125
1,260,260,18.77031441926956,-18.72048568725586,350.45684814453125
1,261,261,18.22146172523498,-18.175649642944336,330.35430908203125
1,262,262,19.970271909236907,-19.927993774414062,397.12530517578125
1,263,263,19.97029412984848,-19.925308227539062,397.01861572265625
1,264,264,16.395928370952607,-16.356449127197266,267.5340576171875
1,265,265,20.570314276218415,-20.526391983032227,421.33349609375
1,266,266,15.170365250110626,-15.132532119750977,228.99484252929688
1,267,267,21.170256602764127,-21.13802719116211,446.8170166015625
1,268,268,21.19580886363983,-21.1607666015625,447.77874755859375
1,269,269,20.570152902603148,-20.52471160888672,421.2646179199219
1,270,270,20.595944452285767,-20.54918670654297,422.26971435546875
1,271,271,21.170249402523037,-21.125755310058594,446.2978210449219
1,272,272,19.970282983779907,-19.924022674560547,396.96697998046875
1,273,273,21.19583255052566,-21.145309448242188,447.12420654296875
1,274,274,20.570308697223663,-20.510231018066406,420.66961669921875
1,275,275,21.170342659950254,-21.104869842529297,445.4154968261719
1,276,276,20.59591542482376,-20.550735473632812,422.3328857421875
1,277,277,21.170302343368526,-21.125951766967773,446.3069152832031
1,278,278,20.870271694660186,-20.830821990966797,433.92364501953125
1,279,279,20.570191609859467,-20.52434539794922,421.2493591308594
1,280,280,17.570281708240508,-17.52407455444336,307.0939025878906
1,281,281,19.370269119739532,-19.317367553710938,373.16119384765625
1,282,282,19.370150125026704,-19.314605712890625,373.05419921875
1,283,283,19.37028546333313,-19.322330474853516,373.352783203125
1,284,284,21.17026159763336,-21.11560821533203,445.8692932128906
1,285,285,19.970246672630307,-19.904939651489258,396.2066650390625
1,286,286,19.370275795459747,-19.30136489868164,372.54278564453125
1,287,287,6.170245730876922,-6.116824150085449,37.41602325439453
1,288,288,18.470329320430753,-18.41942596435547,339.2757568359375
1,289,289,4.370304441452026,-4.321897029876709,18.679664611816406
1,290,290,19.970385658740994,-19.919185638427734,396.7752685546875
1,291,291,19.970224368572232,-19.929840087890625,397.1999206542969
1,292,292,13.37028225660324,-13.333328247070312,177.77879333496094
1,293,293,19.970224440097805,-19.924070358276367,396.96990966796875
1,294,294,21.770264256000516,-21.723892211914062,471.92828369140625
1,295,295,21.195892095565792,-21.15188217163086,447.4026184082031
1,296,296,21.170266473293303,-21.119220733642578,446.0223083496094
1,297,297,21.170232570171354,-21.114788055419922,445.8350524902344
1,298,298,20.595924508571624,-20.54132080078125,421.946044921875
1,299,299,21.17034169435501,-21.106426239013672,445.48126220703125
1,300,300,21.795868587493896,-21.730175018310547,472.2004699707031
1,301,301,18.170391047000884,-18.114482879638672,328.13470458984375
1,302,302,15.170298123359679,-15.122363090515137,228.68716430664062
1,303,303,15.170238745212554,-15.132930755615234,229.00723266601562
1,304,304,1.3958231449127194,-1.350676417350769,1.8249623775482178
1,305,305,18.195855557918545,-18.14578628540039,329.270263671875
1,306,306,17.570337855815886,-17.51385498046875,306.73590087890625
1,307,307,15.195913898944854,-15.142936706542969,229.308837890625
1,308,308,3.1959446430206295,-3.1378259658813477,9.846084594726562
1,309,309,19.37032504081726,-19.292102813720703,372.1855773925781
1,310,310,20.595907938480376,-20.524932861328125,421.2729797363281
1,311,311,17.870158076286316,-17.80545997619629,317.03448486328125
1,312,312,8.59583030939102,-8.546672821044922,73.04617309570312
1,313,313,15.770368528366088,-15.72114086151123,247.15481567382812
1,314,314,3.1958075642585753,-3.1486523151397705,9.914697647094727
1,315,315,20.57037580013275,-20.51604652404785,420.9090576171875
1,316,316,19.97024116516113,-19.925514221191406,397.027099609375
1,317,317,19.39596734046936,-19.3553466796875,374.6304931640625
1,318,318,19.99588140249252,-19.953655242919922,398.1492919921875
1,319,319,13.395873844623564,-13.347761154174805,178.1634521484375
1,320,320,21.17032858133316,-21.112163543701172,445.72467041015625
1,321,321,19.970388090610502,-19.91144561767578,396.4664611816406
1,322,322,21.770233678817746,-21.712806701660156,471.44647216796875
1,323,323,21.170216250419614,-21.09921646118164,445.1776123046875
1,324,324,21.17029273509979,-21.10205841064453,445.297119140625
1,325,325,23.59589104652405,-23.527563095092773,553.5462646484375
1,326,326,20.5702676653862,-20.502029418945312,420.334228515625
1,327,327,20.295846545696257,-20.260698318481445,410.49737548828125
1,328,328,21.170287203788753,-21.123001098632812,446.18292236328125
1,329,329,18.77038513422012,-18.707786560058594,349.98345947265625
1,330,330,20.570361983776092,-20.51641845703125,420.9245300292969
1,331,331,19.370336854457854,-19.304550170898438,372.66668701171875
1,332,332,21.170300292968747,-21.09994125366211,445.207763671875
1,333,333,21.170266115665434,-21.078317642211914,444.2956848144531
1,334,334,21.195996224880215,-21.112350463867188,445.73138427734375
1,335,335,19.970255863666534,-19.88890838623047,395.5687255859375
1,336,336,21.195960879325863,-21.13475799560547,446.6784973144531
1,337,337,17.57025725841522,-17.505306243896484,306.437255859375
1,338,338,12.770392394065855,-12.707103729248047,161.4716796875
1,339,339,15.770259714126585,-15.702458381652832,246.569580078125
1,340,340,18.7704093337059,-18.707860946655273,349.9854736328125
1,341,341,19.970325624942777,-19.91284942626953,396.523681640625
1,342,342,21.17028245925903,-21.11369514465332,445.79010009765625
1,343,343,21.17029954195022,-21.105865478515625,445.458984375
1,344,344,21.17033233642578,-21.108226776123047,445.5584411621094
1,345,345,21.170282971858974,-21.108383178710938,445.5647277832031
1,346,346,21.17024421691894,-21.09689712524414,445.0804443359375
1,347,347,21.170258641242977,-21.095794677734375,445.0332336425781
1,348,348,20.57034069299698,-20.492521286010742,419.944091796875
1,349,349,20.89583693742752,-20.823715209960938,433.6271667480469
1,350,350,21.19597185850143,-21.12143325805664,446.11590576171875
1,351,351,21.17026990652084,-21.10247802734375,445.31591796875
1,352,352,20.570284795761108,-20.487773895263672,419.7508544921875
1,353,353,19.395959043502806,-19.339900970458984,374.03265380859375
1,354,354,21.170269143581386,-21.092891693115234,444.9112548828125
1,355,355,21.170268702507016,-21.08899688720703,444.7462158203125
1,356,356,20.570280969142914,-20.49159812927246,419.9062194824219
1,357,357,19.370215821266175,-19.290470123291016,372.123046875
1,358,358,19.97028951644897,-19.895954132080078,395.8492431640625
1,359,359,20.295875084400176,-20.21636199951172,408.7012634277344
1,360,360,17.570305907726286,-17.496456146240234,306.12664794921875
1,361,361,16.37032308578491,-16.29844093322754,265.64111328125
1,362,362,15.170289397239683,-15.094470977783203,227.84515380859375
1,363,363,14.570214784145355,-14.510696411132812,210.56219482421875
1,364,364,19.370407938957214,-19.32170867919922,373.3304748535156
1,365,365,20.57031086683273,-20.512964248657227,420.78460693359375
1,366,366,21.196005594730373,-21.14267921447754,447.0148010253906
1,367,367,20.570363962650298,-20.505271911621094,420.4677734375
1,368,368,20.570215427875517,-20.501708984375,420.3214111328125
1,369,369,20.570327234268188,-20.497102737426758,420.1324157714844
1,370,370,20.59580886363983,-20.524303436279297,421.24755859375
1,371,371,20.595915222167967,-20.516511917114258,420.927490234375
1,372,372,20.595830404758452,-20.50043487548828,420.2677917480469
1,373,373,21.170427179336546,-21.054595947265625,443.2962646484375
1,374,374,15.795816957950592,-15.705917358398438,246.67645263671875
1,375,375,20.595947301387785,-20.530437469482422,421.49951171875
1,376,376,19.370262575149535,-19.29692268371582,372.3729553222656
1,377,377,19.970254564285277,-19.89916229248047,395.9776611328125
1,378,378,11.57025465965271,-11.492551803588867,132.0802001953125
1,379,379,19.97027996778488,-19.889434814453125,395.59136962890625
1,380,380,19.97036052942276,-19.871694564819336,394.8861083984375
1,381,381,19.99594151973724,-19.91527557373047,396.61859130859375
1,382,382,19.97035129070282,-19.878620147705078,395.1607666015625
1,383,383,19.370278787612914,-19.268901824951172,371.2906494140625
1,384,384,20.59580796957016,-20.512001037597656,420.7427978515625
1,385,385,13.995899653434751,-13.931926727294922,194.09974670410156
1,386,386,18.77031922340393,-18.692970275878906,349.4296875
1,387,387,17.570308649539946,-17.498340606689453,306.19415283203125
1,388,388,19.995930278301238,-19.934589385986328,397.390869140625
1,389,389,19.970370614528655,-19.912521362304688,396.51300048828125
1,390,390,20.57017661333084,-20.49986457824707,420.24884033203125
1,391,391,21.770271730422973,-21.693586349487305,470.61444091796875
1,392,392,21.77029023170471,-21.688121795654297,470.37725830078125
1,393,393,21.770256865024564,-21.687196731567383,470.33648681640625
1,394,394,21.170305275917052,-21.08352279663086,444.5162353515625
1,395,395,21.770203328132627,-21.670574188232422,469.61492919921875
1,396,396,21.77017947435379,-21.659883499145508,469.15087890625
1,397,397,20.570320284366606,-20.44553565979004,418.01995849609375
1,398,398,21.170232188701625,-21.072948455810547,444.06939697265625
1,399,399,21.195877635478972,-21.123449325561523,446.20074462890625
1,400,400,20.870223784446715,-20.793643951416016,432.37774658203125
1,401,401,19.970305979251858,-19.88214874267578,395.3027648925781
1,402,402,19.97033368349075,-19.88553237915039,395.43701171875
1,403,403,20.570244204998016,-20.477542877197266,419.333251953125
1,404,404,9.770294320583343,-9.671451568603516,93.53814697265625
1,405,405,20.595828318595885,-20.50116729736328,420.29876708984375
1,406,406,20.5703015089035,-20.4564151763916,418.46527099609375
1,407,407,19.970341742038723,-19.849124908447266,393.9886169433594
1,408,408,19.995933699607846,-19.886516571044922,395.47357177734375
1,409,409,17.570211780071258,-17.468231201171875,305.14117431640625
1,410,410,18.770379400253294,-18.669673919677734,348.5601806640625
1,411,411,10.67021368741989,-10.572516441345215,111.78263092041016
1,412,412,20.595908510684968,-20.531644821166992,421.5499572753906
1,413,413,20.570293569564818,-20.505584716796875,420.48199462890625
1,414,414,20.57039175033569,-20.493938446044922,420.0072937011719
1,415,415,20.570347118377686,-20.49034881591797,419.8583984375
1,416,416,20.57033829689026,-20.483680725097656,419.58416748046875
1,417,417,19.970270419120787,-19.887584686279297,395.5176086425781
1,418,418,20.59595696926117,-20.49547004699707,420.0662841796875
1,419,419,21.770248520374295,-21.666898727416992,469.4562072753906
1,420,420,21.17030411958694,-21.0472469329834,442.98712158203125
1,421,421,21.195828318595883,-21.06903648376465,443.90435791015625
1,422,422,21.170282042026518,-21.031539916992188,442.32568359375
1,423,423,20.59576337337494,-20.512956619262695,420.78265380859375
1,424,424,21.17028155326843,-21.073209762573242,444.0838623046875
1,425,425,19.395849895477294,-19.307024002075195,372.7642822265625
1,426,426,19.97035218477249,-19.87911605834961,395.18170166015625
1,427,427,21.19581717252731,-21.09957504272461,445.19439697265625
1,428,428,20.57039781808853,-20.448455810546875,418.1409912109375
1,429,429,19.37023205757141,-19.259292602539062,370.9206237792969
1,430,430,20.570269441604612,-20.464448928833008,418.7945251464844
1,431,431,19.370249712467192,-19.247028350830078,370.4486083984375
1,432,432,19.370275449752807,-19.252885818481445,370.67376708984375
1,433,433,21.470343017578124,-21.342784881591797,455.51605224609375
1,434,434,15.170177912712097,-15.081709861755371,227.4598388671875
1,435,435,19.370341289043427,-19.25780487060547,370.86749267578125
1,436,436,20.270275676250456,-20.176273345947266,407.08648681640625
1,437,437,20.59586580991745,-20.524879455566406,421.2745361328125
1,438,438,16.09585598707199,-16.02719497680664,256.87652587890625
1,439,439,20.57017695903778,-20.485427856445312,419.657958984375
1,440,440,20.57026685476303,-20.470413208007812,419.0434265136719
1,441,441,20.570252382755278,-20.469135284423828,418.98944091796875
1,442,442,21.770217227935788,-21.662086486816406,469.24920654296875
1,443,443,21.170202875137328,-21.05022430419922,443.115234375
1,444,444,20.595872688293458,-20.482385635375977,419.52838134765625
1,445,445,20.570133066177366,-20.41104507446289,416.61175537109375
1,446,446,20.595831716060637,-20.4442138671875,417.966064453125
1,447,447,20.570277369022367,-20.422208786010742,417.06719970703125
1,448,448,15.770387542247772,-15.658719062805176,245.198486328125
1,449,449,19.370308375358583,-19.27581214904785,371.560302734375
1,450,450,13.970311713218686,-13.85119342803955,191.85964965820312
1,451,451,21.170212376117703,-21.054248809814453,443.28424072265625
1,452,452,19.970298314094542,-19.85435676574707,394.1984558105469
1,453,453,19.970251035690307,-19.84117889404297,393.6737060546875
1,454,454,20.570223903656004,-20.445531845092773,418.021240234375
1,455,455,19.970287930965423,-19.83650016784668,393.4884948730469
1,456,456,19.370211708545686,-19.214298248291016,369.18963623046875
1,457,457,17.570312631130218,-17.409677505493164,303.09796142578125
1,458,458,15.770314800739285,-15.656641006469727,245.13348388671875
1,459,459,15.470253241062162,-15.361143112182617,235.96731567382812
1,460,460,18.77031873464584,-18.658397674560547,348.1405334472656
1,461,461,16.395884585380553,-16.304731369018555,265.8490905761719
1,462,462,20.595877599716186,-20.51531982421875,420.8849792480469
1,463,463,17.570241940021514,-17.478490829467773,305.5047912597656
1,464,464,20.570314586162567,-20.468719482421875,418.97344970703125
1,465,465,20.570361936092375,-20.475971221923828,419.2698974609375
1,466,466,19.970261347293853,-19.860782623291016,394.4534912109375
1,467,467,20.57022284269333,-20.456008911132812,418.45037841796875
1,468,468,20.570270240306854,-20.43364715576172,417.5376281738281
1,469,469,20.570376110076904,-20.415428161621094,416.790283203125
1,470,470,20.57026822566986,-20.394424438476562,415.93255615234375
1,471,471,20.5703574180603,-20.40416717529297,416.330322265625
1,472,472,21.170356166362758,-21.03226089477539,442.35675048828125
1,473,473,19.970199346542355,-19.823680877685547,392.98199462890625
1,474,474,15.170205986499786,-15.025426864624023,225.7659454345703
1,475,475,19.395958971977233,-19.253618240356445,370.70538330078125
1,476,476,6.7702281117439265,-6.636104106903076,44.042503356933594
1,477,477,18.17028747797012,-18.020776748657227,324.7545471191406
1,478,478,18.770209085941314,-18.620582580566406,346.73162841796875
1,479,479,6.770218241214752,-6.633481979370117,44.005985260009766
1,480,480,16.970346248149873,-16.835067749023438,283.4204406738281
1,481,481,20.57032672166824,-20.42325210571289,417.10968017578125
1,482,482,17.595838701725004,-17.477577209472656,305.4693603515625
1,483,483,15.770426130294798,-15.643745422363281,244.73074340820312
1,484,484,19.370299053192138,-19.264867782592773,371.13958740234375
1,485,485,20.570262920856475,-20.453027725219727,418.33465576171875
1,486,486,13.67028067111969,-13.56556224822998,184.03253173828125
1,487,487,20.570257997512815,-20.476131439208984,419.28173828125
1,488,488,17.570362436771394,-17.448204040527344,304.4482421875
1,489,489,21.770204782485962,-21.65755271911621,469.05438232421875
1,490,490,21.77020362615585,-21.653125762939453,468.862060546875
1,491,491,20.570200097560882,-20.431568145751953,417.45306396484375
1,492,492,20.570206904411314,-20.434595108032227,417.576904296875
1,493,493,20.595825493335724,-20.44430160522461,417.9700622558594
1,494,494,21.170218169689175,-21.00544548034668,441.22979736328125
1,495,495,21.170239305496214,-21.003305435180664,441.13909912109375
1,496,496,21.17027047872543,-21.002769470214844,441.1168212890625
1,497,497,18.170336949825284,-18.001953125,324.072021484375
1,498,498,20.595910000801087,-20.452354431152344,418.2998352050781
1,499,499,19.37028135061264,-19.220966339111328,369.4476318359375
1,500,500,14.895919537544248,-14.765892028808594,218.0341339111328
1,501,501,13.370272219181059,-13.22991943359375,175.03594970703125
1,502,502,16.370360147953033,-16.21889877319336,263.0577392578125
1,503,503,16.37030025720596,-16.22654151916504,263.30303955078125
1,504,504,20.570391917228697,-20.411428451538086,416.627197265625
1,505,505,19.995898771286008,-19.81673812866211,392.70306396484375
1,506,506,16.670228672027587,-16.516948699951172,272.8123474121094
1,507,507,12.770246791839599,-12.642781257629395,159.84490966796875
1,508,508,21.170304954051968,-21.03455352783203,442.45770263671875
1,509,509,15.470265519618986,-15.335002899169922,235.17095947265625
1,510,510,19.37025249004364,-19.239717483520508,370.17596435546875
1,511,511,19.970220220088958,-19.856449127197266,394.2899169921875
1,512,512,20.87031844854355,-20.74918556213379,430.53533935546875
1,513,513,20.595842444896697,-20.474342346191406,419.20343017578125
1,514,514,20.570348274707793,-20.42928695678711,417.36285400390625
1,515,515,19.970238721370695,-19.824848175048828,393.0299072265625
1,516,516,19.970194089412686,-19.83883285522461,393.5816650390625
1,517,517,20.57027040719986,-20.394405364990234,415.9342041015625
1,518,518,21.170310938358305,-20.98947525024414,440.5609130859375
1,519,519,19.970244514942166,-19.78403663635254,391.4092102050781
1,520,520,20.57039295434952,-20.386341094970703,415.6044616699219
1,521,521,19.99590916633606,-19.85341453552246,394.1590576171875
1,522,522,19.970198786258695,-19.801158905029297,392.0910949707031
1,523,523,12.795922064781188,-12.634239196777344,159.62611389160156
1,524,524,17.89578788280487,-17.74921417236328,315.03912353515625
1,525,525,18.170259249210353,-18.014225006103516,324.5169677734375
1,526,526,19.970202422142027,-19.823606491088867,392.9801330566406
1,527,527,13.970233285427092,-13.817061424255371,190.9156494140625
1,528,528,16.970214080810546,-16.801233291625977,282.2828063964844
1,529,529,13.37026308774948,-13.186088562011719,173.87396240234375
1,530,530,19.970275020599363,-19.734580993652344,389.453857421875
1,531,531,15.770175528526305,-15.59290885925293,243.14285278320312
1,532,532,6.770231294631958,-6.61848258972168,43.80780029296875
1,533,533,9.770310223102568,-9.59442138671875,92.06034851074219
1,534,534,9.770221722126006,-9.611419677734375,92.38992309570312
1,535,535,16.970316660404205,-16.822139739990234,282.99969482421875
1,536,536,18.170307028293607,-18.061315536499023,326.21929931640625
1,537,537,16.370219910144804,-16.251483917236328,264.125244140625
1,538,538,19.995884490013122,-19.854904174804688,394.2233581542969
1,539,539,19.970341289043425,-19.816925048828125,392.7171630859375
1,540,540,19.97030497789383,-19.81853485107422,392.78125
1,541,541,20.57023593187332,-20.408191680908203,416.4991455078125
1,542,542,18.770310640335083,-18.566783905029297,344.73272705078125
1,543,543,19.970311701297756,-19.764820098876953,390.6502685546875
1,544,544,20.595904612541197,-20.394142150878906,415.921142578125
1,545,545,13.370158708095548,-13.134881019592285,172.52572631835938
1,546,546,20.570199227333067,-20.381643295288086,415.4154052734375
1,547,547,9.77015973329544,-9.597537994384766,92.11853790283203
1,548,548,13.9703543305397,-13.792274475097656,190.23196411132812
1,549,549,11.870262849330901,-11.71562385559082,137.26307678222656
1,550,550,13.970168364048002,-13.814878463745117,190.8601837158203
1,551,551,15.795834124088287,-15.630094528198242,244.304931640625
1,552,552,18.770134186744688,-18.610681533813477,346.3622741699219
1,553,553,18.7702934384346,-18.606712341308594,346.2132873535156
1,554,554,3.770203936100007,-3.570423126220703,12.751529693603516
1,555,555,6.470192658901214,-6.2240777015686035,38.740692138671875
1,556,556,11.570217192173004,-11.373514175415039,129.3590087890625
1,557,557,12.770234382152555,-12.612163543701172,159.07188415527344
1,558,558,18.170293056964873,-18.005821228027344,324.22125244140625
1,559,559,15.17031887769699,-15.026227951049805,225.79925537109375
1,560,560,7.97028592824936,-7.830793380737305,61.33364486694336
1,561,561,19.99580690860748,-19.871793746948242,394.90008544921875
1,562,562,15.170370268821715,-15.052987098693848,226.61070251464844
1,563,563,18.77017034292221,-18.611730575561523,346.4146728515625
1,564,564,16.970399165153502,-16.79558753967285,282.10577392578125
1,565,565,12.170400965213775,-11.999608039855957,144.00074768066406
1,566,566,20.570272552967072,-20.406787872314453,416.44439697265625
1,567,567,21.77023900747299,-21.590248107910156,466.1423645019531
1,568,568,21.17039949893951,-20.963607788085938,439.4764404296875
1,569,569,21.170327544212338,-20.940784454345703,438.51776123046875
1,570,570,20.895914030075073,-20.674633026123047,427.44049072265625
1,571,571,19.97016757726669,-19.757854461669922,390.3738098144531
1,572,572,7.396024322509765,-7.1890950202941895,51.68373107910156
1,573,573,20.59584403038025,-20.423603057861328,417.12579345703125
1,574,574,10.970254278182983,-10.770673751831055,116.01544189453125
1,575,575,4.070268976688385,-3.884613513946533,15.101736068725586
1,576,576,16.37032308578491,-16.17681121826172,261.702392578125
1,577,577,1.9702417135238648,-1.805631160736084,3.267479181289673
1,578,578,18.82147405743599,-18.651262283325195,347.8714904785156
1,579,579,18.79591881036758,-18.595157623291016,345.7830810546875
1,580,580,14.570270144939421,-14.331870079040527,205.4053955078125
1,581,581,15.170265161991118,-14.991758346557617,224.76419067382812
1,582,582,19.970362758636472,-19.792396545410156,391.75091552734375
1,583,583,19.995880472660062,-19.834705352783203,393.4252014160156
1,584,584,14.570411229133605,-14.40446949005127,207.4979248046875
1,585,585,18.19586006402969,-18.055950164794922,326.023193359375
1,586,586,19.970210969448086,-19.830448150634766,393.25933837890625
1,587,587,21.195829105377193,-21.052608489990234,443.2213134765625
1,588,588,20.57028028964996,-20.38898468017578,415.7203063964844
1,589,589,20.570370578765868,-20.376575469970703,415.2158203125
1,590,590,20.570220470428467,-20.396465301513672,416.02337646484375
1,591,591,20.570286846160887,-20.371458053588867,415.0020446777344
1,592,592,20.57031594514847,-20.342254638671875,413.81201171875
1,593,593,20.57047735452652,-20.337736129760742,413.6270751953125
1,594,594,21.195932197570798,-20.96721839904785,439.6258850097656
1,595,595,21.170349824428556,-20.927148818969727,437.9465026855469
1,596,596,20.595893228054045,-20.394445419311523,415.9363708496094
1,597,597,15.770343101024626,-15.553861618041992,241.92916870117188
1,598,598,20.89582303762436,-20.723432540893555,429.46612548828125
1,599,599,12.77021323442459,-12.580850601196289,158.28659057617188
1,600,600,17.595886266231535,-17.41243553161621,303.19744873046875
1,601,601,21.170278167724607,-20.979839324951172,440.1585998535156
1,602,602,21.1957803606987,-20.991806030273438,440.656982421875
1,603,603,18.795844173431394,-18.565418243408203,344.67474365234375
1,604,604,19.970262205600736,-19.69023895263672,387.71044921875
1,605,605,19.97028464078903,-19.72457504272461,389.0709533691406
1,606,606,19.97018185853958,-19.741840362548828,389.752197265625
1,607,607,20.5959623336792,-20.404190063476562,416.338134765625
1,608,608,19.370391166210176,-19.168968200683594,367.46002197265625
1,609,609,16.67025153636932,-16.460657119750977,270.9695129394531
1,610,610,19.970288205146787,-19.80072021484375,392.0875244140625
1,611,611,20.57030009031296,-20.4158992767334,416.8199157714844
1,612,612,19.39579005241394,-19.217042922973633,369.3044128417969
1,613,613,21.170308339595792,-20.96466064453125,439.5260925292969
1,614,614,21.195885241031643,-21.005176544189453,441.2220458984375
1,615,615,20.57027550935745,-20.341249465942383,413.7714538574219
1,616,616,21.170282626152037,-20.91798973083496,437.5635986328125
1,617,617,21.17023671865463,-20.884235382080078,436.15264892578125
1,618,618,19.970252263545987,-19.662975311279297,386.6329345703125
1,619,619,20.570262110233305,-20.331012725830078,413.35382080078125
1,620,620,12.770202970504759,-12.523706436157227,156.85250854492188
1,621,621,20.595831656455992,-20.407442092895508,416.46807861328125
1,622,622,18.79589407444,-18.594806671142578,345.7770690917969
1,623,623,15.770302128791808,-15.544480323791504,241.6410369873047
1,624,624,18.77028522491455,-18.550344467163086,344.13067626953125
1,625,625,20.57029101848602,-20.336040496826172,413.563232421875
1,626,626,13.370359003543852,-13.078729629516602,171.0576934814453
1,627,627,19.370299434661867,-19.06000328063965,363.29144287109375
1,628,628,18.195875620841978,-17.88934326171875,320.02874755859375
1,629,629,5.570321249961853,-5.326857566833496,28.383399963378906
1,630,630,19.370259153842927,-19.126455307006836,365.838623046875
1,631,631,19.370231926441193,-19.141990661621094,366.4322509765625
1,632,632,13.995833063125609,-13.80908203125,190.70721435546875
1,633,633,14.570343875885008,-14.40467643737793,207.5173797607422
1,634,634,19.370220160484315,-19.18550682067871,368.1123352050781
1,635,635,20.570322489738462,-20.38730239868164,415.6607971191406
1,636,636,20.59584047794342,-20.401992797851562,416.25396728515625
1,637,637,20.27025030851364,-20.035724639892578,401.44000244140625
1,638,638,20.570247960090636,-20.3675594329834,414.84503173828125
1,639,639,20.57026230096817,-20.321025848388672,412.9515380859375
1,640,640,21.17024867534637,-20.887577056884766,436.29327392578125
1,641,641,19.97030551433563,-19.722318649291992,388.972412109375
1,642,642,19.970140850543974,-19.64080810546875,385.761474609375
1,643,643,20.59599504470825,-20.326261520385742,413.1590576171875
1,644,644,19.97015860080719,-19.732513427734375,389.38128662109375
1,645,645,18.770333993434903,-18.54229736328125,343.8394775390625
1,646,646,19.970420563220976,-19.731067657470703,389.33197021484375
1,647,647,6.795996856689452,-6.592402935028076,43.46464157104492
1,648,648,12.770288825035093,-12.533475875854492,157.1101531982422
1,649,649,17.570385992527008,-17.315935134887695,299.8467102050781
1,650,650,19.370437264442444,-19.104339599609375,364.9808044433594
1,651,651,18.170148372650143,-17.866945266723633,319.231201171875
1,652,652,19.396048200130462,-19.068151473999023,363.59442138671875
1,653,653,11.570337975025176,-11.252457618713379,126.62374877929688
1,654,654,17.570279788970947,-17.347719192504883,300.96063232421875
1,655,655,16.370221865177154,-16.149438858032227,260.8192443847656
1,656,656,13.370235908031463,-13.129618644714355,172.4100341796875
1,657,657,20.57019956111908,-20.39084815979004,415.80694580078125
1,658,658,20.57033267021179,-20.396503448486328,416.046142578125
1,659,659,19.99596526622772,-19.806833267211914,392.33587646484375
1,660,660,20.59591521024704,-20.422687530517578,417.1062927246094
1,661,661,21.170310449600215,-20.933982849121094,438.248291015625
1,662,662,21.77017444372177,-21.523731231689453,463.29345703125
1,663,663,20.57021894454956,-20.287012100219727,411.5776062011719
1,664,664,20.621555387973785,-20.41901397705078,416.937744140625
1,665,665,20.57017022371292,-20.256301879882812,410.3265380859375
1,666,666,20.570323634147645,-20.261077880859375,410.5128173828125
1,667,667,20.570325326919555,-20.24466323852539,409.8476867675781
1,668,668,20.570314514636994,-20.271766662597656,410.94921875
1,669,669,19.97024884223938,-19.67302894592285,387.0338134765625
1,670,670,20.270264375209806,-19.996299743652344,399.8612060546875
1,671,671,20.57016705274582,-20.313343048095703,412.6511535644531
1,672,672,16.370313715934753,-16.110271453857422,259.5507507324219
1,673,673,15.195842313766478,-14.920027732849121,222.61984252929688
1,674,674,20.59584974050522,-20.36644172668457,414.80029296875
1,675,675,20.57014271020889,-20.242544174194336,409.7682800292969
1,676,676,20.570288562774657,-20.216310501098633,408.7034912109375
1,677,677,19.97025580406189,-19.625286102294922,385.15350341796875
1,678,678,18.170214319229125,-17.905170440673828,320.6131591796875
1,679,679,19.9702238202095,-19.70633316040039,388.359130859375
1,680,680,19.970215356349943,-19.725767135620117,389.1195068359375
1,681,681,14.570377838611602,-14.362281799316406,206.29782104492188
1,682,682,21.770231521129606,-21.572107315063477,465.3759765625
1,683,683,21.17026089429855,-20.948997497558594,438.90130615234375
1,684,684,20.570183825492858,-20.321847915649414,412.99884033203125
1,685,685,20.570295906066892,-20.34270477294922,413.8511047363281
1,686,686,21.17039276361465,-20.907264709472656,437.1314697265625
1,687,687,20.570331513881683,-20.27945327758789,411.2741394042969
1,688,688,20.595896768569947,-20.347288131713867,414.0146484375
1,689,689,19.97040086984634,-19.67687225341797,387.18536376953125
1,690,690,20.57037400007248,-20.26230239868164,410.56396484375
1,691,691,20.59583785533905,-20.28653335571289,411.5436096191406
1,692,692,21.170260596275327,-20.85588836669922,434.9698486328125
1,693,693,20.570325660705567,-20.218460083007812,408.7906494140625
1,694,694,20.57023125886917,-20.23535919189453,409.47308349609375
1,695,695,20.57019497156143,-20.258804321289062,410.4337463378906
1,696,696,21.19583064317703,-20.93189811706543,438.15313720703125
1,697,697,21.195892679691312,-20.91122817993164,437.286376953125
1,698,698,21.170302271842953,-20.88097381591797,436.02392578125
1,699,699,20.570315194129943,-20.248279571533203,410.00299072265625
1,700,700,20.570199859142303,-20.196556091308594,407.90325927734375
1,701,701,21.195948696136472,-20.821964263916016,433.5543212890625
1,702,702,19.995836758613585,-19.744646072387695,389.867431640625
1,703,703,19.995775175094604,-19.722089767456055,388.9854736328125
1,704,704,19.970263969898223,-19.68151092529297,387.39447021484375
1,705,705,21.195843327045438,-20.96923828125,439.7278137207031
1,706,706,21.17036480903625,-20.945594787597656,438.7662353515625
1,707,707,21.170282387733458,-20.931711196899414,438.18890380859375
1,708,708,20.595797538757324,-20.38851547241211,415.71728515625
1,709,709,20.5703006029129,-20.258846282958984,410.44580078125
1,710,710,19.995844876766203,-19.733835220336914,389.4381103515625
1,711,711,20.570209872722625,-20.24853515625,410.0257873535156
1,712,712,21.195808684825895,-20.910478591918945,437.25201416015625
1,713,713,21.170138299465176,-20.78766632080078,432.13067626953125
1,714,714,19.970133066177365,-19.515024185180664,380.83941650390625
1,715,715,20.570236003398893,-20.133934020996094,405.37542724609375
1,716,716,21.770198893547057,-21.383460998535156,457.25726318359375
1,717,717,14.595789682865142,-14.28347396850586,204.02279663085938
1,718,718,19.970154643058773,-19.64960289001465,386.1158142089844
1,719,719,21.170292234420774,-20.830265045166016,433.92913818359375
1,720,720,20.57030996084213,-20.254940032958984,410.27606201171875
1,721,721,20.595880007743833,-20.2989501953125,412.05413818359375
1,722,722,19.970315480232237,-19.576797485351562,383.2576599121094
1,723,723,20.570296025276182,-20.224334716796875,409.0252380371094
1,724,724,21.770190489292144,-21.33666229248047,455.25439453125
1,725,725,20.021495091915128,-19.633228302001953,385.4668273925781
1,726,726,19.370241630077363,-19.02164077758789,361.8408203125
1,727,727,20.570333874225614,-20.268985748291016,410.85699462890625
1,728,728,13.97019942998886,-13.699301719665527,187.7051239013672
1,729,729,18.770202982425687,-18.522735595703125,343.12841796875
1,730,730,19.97034405469894,-19.7294921875,389.3060607910156
1,731,731,21.195847666263578,-20.98015594482422,440.1998291015625
1,732,732,21.17028293609619,-20.88184356689453,436.09686279296875
1,733,733,19.970136129856108,-19.67721939086914,387.2457275390625
1,734,734,21.17036542892456,-20.837379455566406,434.2207946777344
1,735,735,20.595808231830596,-20.28969383239746,411.68304443359375
1,736,736,19.970187628269194,-19.56205940246582,382.6977844238281
1,737,737,19.970259225368498,-19.577545166015625,383.2850341796875
1,738,738,21.17027744054794,-20.73556137084961,429.9635314941406
1,739,739,20.570217764377592,-20.093719482421875,403.757568359375
1,740,740,21.770289349555966,-21.35772705078125,456.1568603515625
1,741,741,22.370334458351135,-22.09292984008789,488.1348571777344
1,742,742,20.5958841919899,-20.3543701171875,414.34808349609375
1,743,743,21.19594390392303,-20.845233917236328,434.534423828125
1,744,744,20.570223879814147,-20.223264694213867,409.00439453125
1,745,745,19.37029949426651,-18.991390228271484,360.6864013671875
1,746,746,21.195971381664272,-20.833637237548828,434.04071044921875
1,747,747,20.595999693870542,-20.151927947998047,406.1005859375
1,748,748,20.5702464222908,-20.13372802734375,405.3670654296875
1,749,749,19.370274353027344,-18.866893768310547,355.95965576171875
1,750,750,19.370290899276732,-19.0087890625,361.3531494140625
2,1,751,20.698271118476985,-20.631141662597656,425.64569091796875
2,2,752,19.395874106884,-19.13857650756836,366.3133239746094
2,3,753,20.57014591693878,-20.262493133544922,410.62127685546875
2,4,754,21.170296180248258,-20.825092315673828,433.75421142578125
2,5,755,20.59588780403137,-20.145000457763672,405.8228759765625
2,6,756,21.795937418937683,-21.516332626342773,462.98577880859375
2,7,757,21.19581524133682,-20.920852661132812,437.70184326171875
2,8,758,21.19578189849853,-20.866748809814453,435.4351806640625
2,9,759,20.57019399404526,-20.17864990234375,407.1966552734375
2,10,760,20.621460455656052,-20.29999542236328,412.09185791015625
2,11,761,20.57031794786453,-20.148296356201172,405.95904541015625
2,12,762,20.570164275169372,-20.107162475585938,404.30560302734375
2,13,763,20.57021142244339,-20.098299026489258,403.95013427734375
2,14,764,21.770289945602414,-21.397605895996094,457.86920166015625
2,15,765,21.170345151424407,-20.821367263793945,433.5618896484375
2,16,766,21.17031645774841,-20.776973724365234,431.7125244140625
2,17,767,19.970324182510375,-19.606544494628906,384.438232421875
2,18,768,19.97041970491409,-19.57591438293457,383.23028564453125
2,19,769,20.570338129997253,-20.132553100585938,405.32086181640625
2,20,770,20.5703254699707,-20.094009399414062,403.7691650390625
2,21,771,20.570365059375764,-20.10881996154785,404.36474609375
2,22,772,11.570259845256805,-11.009440422058105,121.20986938476562
2,23,773,13.370196497440336,-12.90887451171875,166.65550231933594
2,24,774,16.370416259765626,-16.02454948425293,256.8073425292969
2,25,775,13.370350658893583,-13.042431831359863,170.12283325195312
2,26,776,16.370272004604338,-16.043376922607422,257.43780517578125
2,27,777,19.99593857526779,-19.722579956054688,389.0132751464844
2,28,778,20.595877254009245,-20.357295989990234,414.460205078125
2,29,779,15.470357739925383,-15.230621337890625,232.0269775390625
2,30,780,21.17039587497711,-20.841501235961914,434.42864990234375
2,31,781,21.195855784416196,-20.869384765625,435.5650939941406
2,32,782,21.17027471065521,-20.77079963684082,431.47088623046875
2,33,783,20.595843195915222,-20.230749130249023,409.2884521484375
2,34,784,20.570335578918456,-20.140907287597656,405.66754150390625
2,35,785,20.570316660404206,-20.03994369506836,401.60504150390625
2,36,786,20.59587148427963,-20.034652709960938,401.39599609375
2,37,787,20.595880472660063,-20.016494750976562,400.6614990234375
2,38,788,18.495868933200835,-18.071271896362305,326.57904052734375
2,39,789,15.195797038078307,-14.893915176391602,221.87142944335938
2,40,790,20.570252323150633,-20.207576751708984,408.3843688964844
2,41,791,13.970243287086484,-13.605151176452637,185.136962890625
2,42,792,10.99582289457321,-10.605125427246094,112.4784927368164
2,43,793,13.970227813720701,-13.496336936950684,182.17835998535156
2,44,794,19.370397996902465,-18.876628875732422,356.345703125
2,45,795,20.57026205062866,-20.010149002075195,400.4110107421875
2,46,796,7.37034488916397,-6.841862678527832,46.816200256347656
2,47,797,4.095981442928315,-3.580362319946289,12.822394371032715
2,48,798,3.7703312158584597,-3.277536392211914,10.76624870300293
2,49,799,4.670305025577545,-4.23256778717041,17.966758728027344
2,50,800,19.07025715112686,-18.704999923706055,349.91705322265625
2,51,801,19.970242440700527,-19.629892349243164,385.36029052734375
2,52,802,18.77029240131378,-18.457307815551758,340.7826843261719
2,53,803,19.370277190208434,-19.091842651367188,364.577880859375
2,54,804,19.370295441150667,-19.094852447509766,364.69635009765625
2,55,805,14.570213329792022,-14.216303825378418,202.16018676757812
2,56,806,21.770271480083466,-21.41058349609375,458.469482421875
2,57,807,21.170411288738247,-20.729503631591797,429.7580261230469
2,58,808,20.59585200548172,-20.241233825683594,409.72021484375
2,59,809,20.570121586322784,-20.053119659423828,402.1470947265625
2,60,810,20.57030761241913,-19.999446868896484,399.9830322265625
2,61,811,20.57039473056793,-19.900096893310547,396.0171203613281
2,62,812,20.570279109477998,-19.945131301879883,397.8092041015625
2,63,813,19.970353281497953,-19.526493072509766,381.28973388671875
2,64,814,19.97037326097488,-19.56838607788086,382.966552734375
2,65,815,14.595881402492523,-14.288982391357422,204.20880126953125
2,66,816,19.3958655834198,-18.97992706298828,360.2590637207031
2,67,817,13.395921885967253,-13.038232803344727,170.04531860351562
2,68,818,6.795902812480926,-6.378269195556641,40.68498992919922
2,69,819,20.570368206501005,-20.095853805541992,403.871337890625
2,70,820,6.770377874374389,-6.264351844787598,39.24616241455078
2,71,821,19.970248353481292,-19.351165771484375,374.46771240234375
2,72,822,20.57020901441574,-19.90159797668457,396.0736083984375
2,73,823,15.770386564731595,-15.301326751708984,234.15304565429688
2,74,824,18.770265054702758,-18.332216262817383,336.0993957519531
2,75,825,19.970276796817778,-19.56004524230957,382.664306640625
2,76,826,18.170277476310726,-17.772748947143555,315.9603271484375
2,77,827,18.795966935157775,-18.592056274414062,345.73785400390625
2,78,828,21.17038068771362,-20.902217864990234,437.0025634765625
2,79,829,20.2702392578125,-19.908069610595703,396.4240417480469
2,80,830,21.195824122428892,-20.843952178955078,434.5006103515625
2,81,831,20.57031556367874,-20.18061637878418,407.29766845703125
2,82,832,21.170310056209562,-20.700878143310547,428.54339599609375
2,83,833,20.570226907730103,-20.037261962890625,401.52313232421875
2,84,834,20.570225858688353,-19.982667922973633,399.31036376953125
2,85,835,21.170209205150602,-20.40106964111328,416.20428466796875
2,86,836,20.570234930515287,-19.820945739746094,392.86993408203125
2,87,837,19.995907258987426,-19.570518493652344,383.0264892578125
2,88,838,18.795884776115415,-18.37983512878418,337.8540954589844
2,89,839,20.570276927947997,-20.112285614013672,404.57196044921875
2,90,840,18.77028784751892,-18.26192855834961,333.54632568359375
2,91,841,19.370322382450105,-18.788639068603516,353.04510498046875
2,92,842,20.570254278182983,-20.024456024169922,400.9980163574219
2,93,843,19.97038480043411,-19.445960998535156,378.15985107421875
2,94,844,19.970252645015716,-19.46485137939453,378.9010314941406
2,95,845,19.970313668251034,-19.418079376220703,377.07537841796875
2,96,846,19.970336949825285,-19.331926345825195,373.72406005859375
2,97,847,10.370211946964263,-9.787312507629395,95.80537414550781
2,98,848,19.370337760448457,-18.920391082763672,358.002685546875
2,99,849,18.795931017398832,-18.43466567993164,339.86669921875
2,100,850,18.79591999053955,-18.44647789001465,340.302978515625
2,101,851,20.595856273174284,-20.248811721801758,410.05731201171875
2,102,852,18.770326530933378,-18.446884155273438,340.35223388671875
2,103,853,18.770302462577817,-18.455137252807617,340.7498779296875
2,104,854,19.970330309867858,-19.620845794677734,385.1385192871094
2,105,855,21.19593365192413,-20.788070678710938,432.24127197265625
2,106,856,21.170260405540464,-20.69310188293457,428.30572509765625
2,107,857,20.59584709405899,-20.18496322631836,407.4619140625
2,108,858,20.570291292667388,-20.055776596069336,402.287109375
2,109,859,20.570225191116332,-20.023788452148438,400.95928955078125
2,110,860,20.570161294937133,-19.890411376953125,395.6337890625
2,111,861,20.62150992155075,-19.945405960083008,397.87353515625
2,112,862,19.370354866981508,-18.601947784423828,346.0328674316406
2,113,863,10.370348668098448,-9.802192687988281,96.09025573730469
2,114,864,17.870290768146514,-17.357439041137695,301.31585693359375
2,115,865,17.321440452337264,-16.89602279663086,285.484130859375
2,116,866,18.770395815372467,-18.26529312133789,333.65032958984375
2,117,867,19.670458781719205,-19.180721282958984,367.9290771484375
2,118,868,10.970174837112426,-10.449821472167969,109.23543548583984
2,119,869,15.195786607265472,-14.622507095336914,213.85052490234375
2,120,870,19.370375764369964,-18.730165481567383,350.8360595703125
2,121,871,10.070224678516388,-9.36678695678711,87.73694610595703
2,122,872,19.37025055885315,-18.684328079223633,349.104248046875
2,123,873,9.770277416706083,-9.224624633789062,85.1474380493164
2,124,874,14.570306372642516,-14.146377563476562,200.1584930419922
2,125,875,18.17030118703842,-17.746963500976562,315.02593994140625
2,126,876,18.77032957077026,-18.36725616455078,337.45263671875
2,127,877,19.970216012001035,-19.618799209594727,385.04156494140625
2,128,878,19.970324504375455,-19.624759674072266,385.2713928222656
2,129,879,20.595869743824004,-20.216367721557617,408.7959289550781
2,130,880,21.770320749282835,-21.34325408935547,455.595947265625
2,131,881,21.770301580429077,-21.313045501708984,454.299560546875
2,132,882,20.570271122455598,-20.057022094726562,402.3114013671875
2,133,883,20.595849001407622,-20.048908233642578,401.9720458984375
2,134,884,20.57027988433838,-19.86185073852539,394.4943542480469
2,135,885,21.170250034332273,-20.361223220825195,414.5859375
2,136,886,19.970293939113613,-19.251468658447266,370.6262512207031
2,137,887,19.37021176815033,-18.703887939453125,349.8773193359375
2,138,888,20.570276117324827,-20.099838256835938,404.072509765625
2,139,889,19.970308172702786,-19.487363815307617,379.86907958984375
2,140,890,19.39587218761444,-18.92140769958496,358.0643615722656
2,141,891,11.870197784900663,-11.335531234741211,128.52932739257812
2,142,892,5.5703199267387395,-4.993158340454102,24.969009399414062
2,143,893,4.670268428325653,-4.022855758666992,16.19034194946289
2,144,894,4.970260918140411,-4.384651184082031,19.22906494140625
2,145,895,9.170329463481902,-8.385236740112305,70.3160400390625
2,146,896,9.170329070091247,-8.34765625,69.6833724975586
2,147,897,12.470265889167786,-11.825826644897461,139.888427734375
2,148,898,19.395949828624726,-18.964635848999023,359.68548583984375
2,149,899,19.670376312732692,-19.197216033935547,368.62359619140625
2,150,900,3.770352447032929,-3.380861282348633,11.499939918518066
2,151,901,18.195888507366178,-17.878568649291992,319.735107421875
2,152,902,19.99593868255615,-19.605457305908203,384.529541015625
2,153,903,21.196032786369322,-20.847522735595703,434.7054443359375
2,154,904,21.17027071714401,-20.709794998168945,429.03497314453125
2,155,905,21.17025564908981,-20.641157150268555,426.14276123046875
2,156,906,20.595838940143583,-20.112323760986328,404.5539245605469
2,157,907,20.59583475589752,-20.091405868530273,403.69769287109375
2,158,908,20.570254838466642,-19.989519119262695,399.5947265625
2,159,909,20.57022407054901,-19.853008270263672,394.1606750488281
2,160,910,20.57030348777771,-19.791015625,391.6862487792969
2,161,911,21.470284569263455,-20.67461585998535,427.45672607421875
2,162,912,20.5702885389328,-19.820425033569336,392.898681640625
2,163,913,20.570308327674866,-20.059619903564453,402.43658447265625
2,164,914,21.170247828960417,-20.634687423706055,425.8605041503906
2,165,915,21.170360887050627,-20.545604705810547,422.1629333496094
2,166,916,19.370335698127747,-18.774038314819336,352.50543212890625
2,167,917,20.570227754116058,-19.89629554748535,395.8857421875
2,168,918,20.57021360397339,-19.838470458984375,393.59619140625
2,169,919,19.3702623963356,-18.63949966430664,347.43695068359375
2,170,920,19.970260870456695,-19.14735984802246,366.6217041015625
2,171,921,9.770352780818937,-9.088665008544922,82.64179992675781
2,172,922,19.99587103128433,-19.414974212646484,376.9886474609375
2,173,923,15.170300042629242,-14.67144775390625,215.35140991210938
2,174,924,19.995920860767363,-19.516267776489258,380.9473571777344
2,175,925,19.370285165309905,-18.805315017700195,353.84344482421875
2,176,926,19.670301485061643,-19.216691970825195,369.41717529296875
2,177,927,20.570290744304657,-20.122379302978516,405.1046142578125
2,178,928,20.570286631584167,-20.05263328552246,402.2264099121094
2,179,929,21.170222270488736,-20.655977249145508,426.760986328125
2,180,930,21.17028669118881,-20.59510612487793,424.2620849609375
2,181,931,21.17026696205139,-20.521825790405273,421.23773193359375
2,182,932,21.170357966423033,-20.465551376342773,418.9140625
2,183,933,22.09585189819336,-21.464658737182617,460.7315673828125
2,184,934,20.570284509658812,-19.817642211914062,392.7437438964844
2,185,935,20.570240116119383,-19.822742462158203,392.9521179199219
2,186,936,20.57032746076584,-19.866283416748047,394.6803283691406
2,187,937,21.17030129432678,-20.556039810180664,422.58160400390625
2,188,938,21.17020364999771,-20.566862106323242,423.0582580566406
2,189,939,21.195801818370818,-20.567487716674805,423.04376220703125
2,190,940,20.57024723291397,-19.867019653320312,394.7205810546875
2,191,941,20.57033541202545,-19.795307159423828,391.90069580078125
2,192,942,21.17022507190704,-20.399322509765625,416.1447448730469
2,193,943,21.770231509208678,-20.903738021850586,436.994384765625
2,194,944,12.195823371410368,-11.328031539916992,128.3344268798828
2,195,945,20.57034217119217,-19.866235733032227,394.7037353515625
2,196,946,20.595890843868254,-20.0548152923584,402.2198486328125
2,197,947,19.370306169986726,-18.82447624206543,354.46514892578125
2,198,948,21.770289516448972,-21.177715301513672,448.63525390625
2,199,949,16.97024939060211,-16.46198272705078,271.177490234375
2,200,950,19.99584728479385,-19.62527084350586,385.2998046875
2,201,951,21.170251464843748,-20.772920608520508,431.65380859375
2,202,952,20.57019153833389,-20.003232955932617,400.2273254394531
2,203,953,20.57022849321365,-20.0280704498291,401.19659423828125
2,204,954,21.17014886140823,-20.454429626464844,418.48162841796875
2,205,955,20.570325922966003,-19.83785057067871,393.57965087890625
2,206,956,21.170304167270658,-20.388120651245117,415.6829833984375
2,207,957,20.57033826112747,-19.602272033691406,384.2532958984375
2,208,958,21.170342195034024,-20.056045532226562,402.28076171875
2,209,959,19.370333111286165,-18.537105560302734,343.65667724609375
2,210,960,21.170179176330564,-20.50857925415039,420.6710205078125
2,211,961,19.970270085334775,-19.23172378540039,369.9268798828125
2,212,962,19.970318341255187,-19.200054168701172,368.6485290527344
2,213,963,19.370244646072386,-18.635236740112305,347.30340576171875
2,214,964,19.97028328180313,-19.204015731811523,368.8814697265625
2,215,965,15.795940041542053,-15.06680679321289,227.02340698242188
2,216,966,19.99599421024322,-19.32600212097168,373.5576477050781
2,217,967,19.99584766626358,-19.29161262512207,372.19464111328125
2,218,968,19.970403039455412,-19.054481506347656,363.0777893066406
2,219,969,19.370130705833436,-18.520097732543945,343.0536804199219
2,220,970,19.99584869146347,-19.4163875579834,377.0859375
2,221,971,16.970273494720455,-16.388851165771484,268.69482421875
2,222,972,20.870233023166655,-20.22098731994629,409.1722106933594
2,223,973,20.57042682170868,-20.183229446411133,407.53729248046875
2,224,974,20.595930993556976,-20.290483474731445,411.89007568359375
2,225,975,22.395930302143096,-22.040599822998047,485.99774169921875
2,226,976,20.57021584510803,-19.981292724609375,399.4259033203125
2,227,977,21.7701687335968,-21.134521484375,446.810302734375
2,228,978,21.17026889324188,-20.473682403564453,419.24273681640625
2,229,979,20.570297098159788,-19.828685760498047,393.2188720703125
2,230,980,19.970265376567838,-19.098735809326172,364.80517578125
2,231,981,20.570360672473907,-19.530284881591797,381.4322204589844
2,232,982,20.570299446582794,-19.31144142150879,372.9569396972656
2,233,983,20.570256102085114,-19.71795654296875,388.8082580566406
2,234,984,19.97028293609619,-19.131887435913086,366.0345458984375
2,235,985,19.39603979587555,-18.822877883911133,354.36865234375
2,236,986,13.995872259140013,-13.367713928222656,178.73699951171875
2,237,987,19.970296597480772,-19.256298065185547,370.8504638671875
2,238,988,19.39597486257553,-18.74698257446289,351.4754638671875
2,239,989,20.570219480991362,-19.731632232666016,389.3887634277344
2,240,990,16.995826900005337,-16.172748565673828,261.56988525390625
2,241,991,15.770360600948333,-14.942289352416992,223.29714965820312
2,242,992,19.97025334835052,-19.030115127563477,362.1589050292969
2,243,993,18.195884668827055,-17.36632537841797,301.59368896484375
2,244,994,19.995813775062558,-19.390361785888672,376.0666198730469
2,245,995,19.69582194089889,-19.185321807861328,368.1451721191406
2,246,996,19.99588576555252,-19.39510154724121,376.2797546386719
2,247,997,19.995892393589017,-19.486146926879883,379.8839416503906
2,248,998,19.995951819419858,-19.636314392089844,385.81298828125
2,249,999,20.57028678655624,-20.113842010498047,404.8856201171875
2,250,1000,20.570320069789886,-20.084903717041016,403.54083251953125
2,251,1001,22.370180106163026,-21.74315643310547,472.93548583984375
2,252,1002,21.79586293697357,-21.17416763305664,448.38934326171875
2,253,1003,20.570137417316435,-19.811767578125,392.6097412109375
2,254,1004,19.995888423919677,-19.221981048583984,369.5131530761719
2,255,1005,19.9702384352684,-18.92188262939453,358.0467529296875
2,256,1006,21.195873165130614,-20.02715301513672,401.17315673828125
2,257,1007,20.570310246944427,-19.40679931640625,376.6529541015625
2,258,1008,21.17034839391708,-20.305038452148438,412.32110595703125
2,259,1009,20.57025543451309,-19.698013305664062,388.05877685546875
2,260,1010,19.97025854587555,-19.086519241333008,364.3493957519531
2,261,1011,19.370341193675994,-18.432626724243164,339.8316345214844
2,262,1012,19.370196533203124,-18.53183937072754,343.54656982421875
2,263,1013,19.97025953531265,-19.15209197998047,366.820556640625
2,264,1014,19.370250344276428,-18.438711166381836,340.08721923828125
2,265,1015,19.395857298374175,-18.628841400146484,347.0693359375
2,266,1016,20.570272314548493,-19.64946174621582,386.117919921875
2,267,1017,21.77032036781311,-20.806121826171875,432.8992919921875
2,268,1018,19.37028487920761,-18.64565086364746,347.7275390625
2,269,1019,17.87034628391266,-17.158466339111328,294.5317077636719
2,270,1020,19.970275545120238,-19.317584991455078,373.37164306640625
2,271,1021,19.97034304141998,-19.185983657836914,368.335693359375
2,272,1022,19.970285487174987,-19.41996955871582,377.4913024902344
2,273,1023,20.570262885093687,-20.058490753173828,402.7275085449219
2,274,1024,21.195784854888913,-20.717178344726562,429.3701477050781
2,275,1025,20.57020789384842,-19.84746551513672,394.11712646484375
2,276,1026,19.970220839977262,-19.16307830810547,367.3690185546875
2,277,1027,21.19580737352371,-20.4148006439209,416.809326171875
2,278,1028,21.17028532028198,-20.312971115112305,412.64569091796875
2,279,1029,21.17022875547409,-20.13088607788086,405.2623596191406
2,280,1030,20.570379388332366,-19.238683700561523,370.16094970703125
2,281,1031,21.170194447040554,-19.788082122802734,391.6309509277344
2,282,1032,14.570240569114684,-13.494508743286133,182.1568603515625
2,283,1033,19.97019180059433,-19.320497512817383,373.44610595703125
2,284,1034,19.995890009403226,-19.29691505432129,372.4417724609375
2,285,1035,19.99602129459381,-19.369115829467773,375.18817138671875
2,286,1036,18.770231044292448,-18.02348518371582,324.92529296875
2,287,1037,19.970281744003294,-18.99088478088379,360.7402648925781
2,288,1038,18.170335090160368,-17.233318328857422,296.9954833984375
2,289,1039,6.795862209796905,-5.994239807128906,35.93463134765625
2,290,1040,20.570340371131895,-19.6297550201416,385.33221435546875
2,291,1041,19.370155847072603,-18.12726593017578,328.6215515136719
2,292,1042,18.770300805568695,-17.416522979736328,303.3529052734375
2,293,1043,8.570223271846771,-7.64042854309082,58.41632080078125
2,294,1044,16.39594429731369,-15.694723129272461,246.34808349609375
2,295,1045,19.670260477066037,-18.803808212280273,353.92987060546875
2,296,1046,19.39580589532852,-18.7944278717041,353.3798522949219
2,297,1047,18.17029752731323,-17.62567901611328,311.0325622558594
2,298,1048,15.770288026332853,-15.329038619995117,235.34317016601562
2,299,1049,19.395919930934905,-18.85018539428711,355.5279846191406
2,300,1050,21.77026853561401,-21.04488182067871,443.1253356933594
2,301,1051,21.17039235830307,-20.47005844116211,419.121826171875
2,302,1052,21.1959082365036,-20.43461036682129,417.67218017578125
2,303,1053,21.170231294631954,-20.368175506591797,414.9111328125
2,304,1054,20.59579395055771,-19.567302703857422,382.8984375
2,305,1055,21.170190465450283,-19.79506492614746,391.8500061035156
2,306,1056,21.17032010555267,-19.750709533691406,390.1715087890625
2,307,1057,17.570267009735108,-16.366470336914062,267.87799072265625
2,308,1058,18.470361721515655,-17.7325496673584,314.67364501953125
2,309,1059,14.570244288444519,-13.973169326782227,195.68905639648438
2,310,1060,19.370284700393675,-18.55112075805664,344.34906005859375
2,311,1061,10.970402431488036,-10.164318084716797,103.44108581542969
2,312,1062,14.895981419086455,-14.076183319091797,198.1902313232422
2,313,1063,18.770179283618926,-17.77596664428711,316.0413513183594
2,314,1064,10.970181953907012,-9.888914108276367,97.80509948730469
2,315,1065,16.970464074611662,-15.624467849731445,244.1244354248047
2,316,1066,19.970291650295255,-18.7114315032959,350.1448669433594
2,317,1067,13.970247125625608,-12.73270034790039,162.12649536132812
2,318,1068,5.870317804813385,-5.082067489624023,25.987293243408203
2,319,1069,14.57020353078842,-13.879112243652344,192.69775390625
2,320,1070,19.370176672935486,-18.55078125,344.36224365234375
2,321,1071,16.970269894599912,-16.206680297851562,262.8897399902344
2,322,1072,14.5958181142807,-13.96568489074707,195.33905029296875
2,323,1073,14.596006655693053,-14.111085891723633,199.33999633789062
2,324,1074,20.570291757583618,-19.95183563232422,398.3684387207031
2,325,1075,20.57040122747421,-19.923065185546875,397.03509521484375
2,326,1076,20.570284795761108,-19.814037322998047,392.7303771972656
2,327,1077,20.570208775997163,-19.58713150024414,383.82403564453125
2,328,1078,21.195891642570494,-20.367900848388672,414.8778991699219
2,329,1079,21.170276153087613,-20.003463745117188,400.1971740722656
2,330,1080,21.170199227333065,-19.99749755859375,399.9049072265625
2,331,1081,19.370338594913484,-18.062301635742188,326.24786376953125
2,332,1082,13.97027163505554,-12.816520690917969,164.38980102539062
2,333,1083,19.970344030857085,-19.387123107910156,376.227783203125
2,334,1084,20.29593617916107,-19.779773712158203,391.44158935546875
2,335,1085,18.82156511545181,-18.196514129638672,331.21893310546875
2,336,1086,19.370254862308503,-18.538257598876953,343.85101318359375
2,337,1087,20.57028521299362,-19.67654800415039,387.2361145019531
2,338,1088,20.59583739042282,-19.621318817138672,385.0015869140625
2,339,1089,6.770248973369598,-5.3537139892578125,28.67881202697754
2,340,1090,21.17031087875366,-19.53070068359375,381.5057067871094
2,341,1091,17.27027781009674,-15.813522338867188,250.08355712890625
2,342,1092,20.895820999145506,-19.972122192382812,398.9131774902344
2,343,1093,12.770286655426023,-11.940319061279297,142.72076416015625
2,344,1094,20.595985209941862,-19.893020629882812,395.78790283203125
2,345,1095,18.17030471563339,-17.359912872314453,301.67681884765625
2,346,1096,19.995848989486692,-19.24529266357422,370.57220458984375
2,347,1097,18.77034430503845,-18.118255615234375,328.5790100097656
2,348,1098,15.795853185653684,-15.207225799560547,231.52938842773438
2,349,1099,20.570400309562682,-19.743099212646484,389.98309326171875
2,350,1100,21.170370852947233,-20.355167388916016,414.48492431640625
2,351,1101,21.17025213241577,-20.185958862304688,407.6603088378906
2,352,1102,20.57039223909378,-19.68222427368164,387.46136474609375
2,353,1103,21.17030653953552,-20.011085510253906,400.48577880859375
2,354,1104,21.17019304037094,-19.966503143310547,398.6938171386719
2,355,1105,21.170357036590573,-19.923328399658203,396.9391784667969
2,356,1106,20.570302927494048,-19.435924530029297,377.8347473144531
2,357,1107,21.195897197723387,-20.275043487548828,411.1885986328125
2,358,1108,18.170387005805967,-17.20197296142578,295.9722900390625
2,359,1109,21.170315742492672,-20.28832244873047,411.82415771484375
2,360,1110,20.57034511566162,-19.453197479248047,378.48663330078125
2,361,1111,17.570205175876616,-16.263511657714844,264.5406494140625
2,362,1112,20.595917999744415,-19.51435089111328,380.8135986328125
2,363,1113,20.595806550979614,-19.463539123535156,378.85467529296875
2,364,1114,19.970212292671203,-18.740482330322266,351.2197265625
2,365,1115,20.57027801275253,-19.15753173828125,367.0198974609375
2,366,1116,19.970213496685027,-18.89675521850586,357.1300964355469
2,367,1117,14.87030016183853,-13.992259979248047,195.98207092285156
2,368,1118,16.970305347442626,-16.062541961669922,258.2655334472656
2,369,1119,19.97017236948013,-19.191322326660156,368.6634521484375
2,370,1120,19.39583750963211,-18.935901641845703,358.90802001953125
2,371,1121,19.970348238945004,-19.185897827148438,368.885986328125
2,372,1122,19.37016192674637,-18.727100372314453,351.1046447753906
2,373,1123,20.62150427699089,-19.965335845947266,398.7322998046875
2,374,1124,20.59590412378311,-19.749996185302734,390.22210693359375
2,375,1125,20.57026983499527,-19.636810302734375,385.72955322265625
2,376,1126,20.595900392532347,-19.483318328857422,379.66217041015625
2,377,1127,20.57029720544815,-19.301361083984375,372.54840087890625
2,378,1128,20.595848965644837,-19.15210723876953,366.94415283203125
2,379,1129,21.77035493850708,-19.95425033569336,398.204345703125
2,380,1130,13.970403432846068,-12.551322937011719,157.5482177734375
2,381,1131,13.370311117172239,-12.34567642211914,152.4696044921875
2,382,1132,15.77027279138565,-14.667064666748047,215.41781616210938
2,383,1133,19.995867848396298,-19.0670166015625,363.619384765625
2,384,1134,12.17037682533264,-11.097137451171875,123.32667541503906
2,385,1135,6.770272922515868,-5.696269989013672,32.628700256347656
2,386,1136,12.770252788066863,-11.684646606445312,136.5666961669922
2,387,1137,19.970313096046446,-18.683746337890625,349.15936279296875
2,388,1138,12.795872128009794,-11.657257080078125,135.9199981689453
2,389,1139,20.57028019428253,-18.99816131591797,360.9433898925781
2,390,1140,10.970417034626006,-9.844970703125,96.94119262695312
2,391,1141,19.395874118804933,-18.59225845336914,345.8756103515625
2,392,1142,20.57021881341934,-19.71279525756836,388.963623046875
2,393,1143,14.570308768749236,-13.570350646972656,184.69703674316406
2,394,1144,19.370159494876862,-18.741111755371094,351.77532958984375
2,395,1145,10.070225036144256,-9.431015014648438,89.97154235839844
2,396,1146,21.195790326595304,-20.633411407470703,426.26324462890625
2,397,1147,20.570261991024015,-19.722782135009766,389.38116455078125
2,398,1148,22.070287930965424,-21.083133697509766,444.8521728515625
2,399,1149,21.7701735496521,-20.69593048095703,428.597900390625
2,400,1150,19.97035366296768,-18.954090118408203,359.31591796875
2,401,1151,20.57014535665512,-19.351791381835938,374.5060119628906
2,402,1152,21.17026422023773,-19.625469207763672,385.18975830078125
2,403,1153,20.57024450302124,-18.691272735595703,349.4928283691406
2,404,1154,21.17028003931045,-19.704795837402344,388.27996826171875
2,405,1155,21.221489590406414,-20.252147674560547,410.169677734375
2,406,1156,19.99581317901611,-19.012035369873047,361.6472473144531
2,407,1157,19.395966827869415,-18.546070098876953,344.110107421875
2,408,1158,19.99584685564041,-19.074657440185547,364.04071044921875
2,409,1159,20.570350933074952,-19.634918212890625,385.78424072265625
2,410,1160,10.37039622068405,-9.13674545288086,83.52307891845703
2,411,1161,19.370248639583586,-18.035816192626953,325.40460205078125
2,412,1162,19.97037851810455,-18.459362030029297,340.74884033203125
2,413,1163,20.570209681987762,-19.096771240234375,364.69049072265625
2,414,1164,16.97029218673706,-15.221012115478516,231.6904296875
2,415,1165,21.170280456542965,-20.181915283203125,407.3558654785156
2,416,1166,18.770303094387053,-17.77694320678711,316.1884765625
2,417,1167,19.9702397108078,-19.016277313232422,361.9969787597656
2,418,1168,15.770244526863095,-14.979564666748047,224.6514892578125
2,419,1169,19.99590604305267,-19.24655532836914,371.10198974609375
2,420,1170,21.77028156518936,-21.114673614501953,446.5482177734375
2,421,1171,20.57026400566101,-19.701473236083984,388.84405517578125
2,422,1172,20.62152249217033,-19.968341827392578,398.81927490234375
2,423,1173,21.77016443014145,-20.638282775878906,426.2176818847656
2,424,1174,21.170225834846494,-19.992961883544922,399.87359619140625
2,425,1175,21.170242321491237,-19.954448699951172,398.26513671875
2,426,1176,21.17031121253967,-19.32769012451172,373.5987854003906
2,427,1177,20.570324742794035,-18.685829162597656,349.35650634765625
2,428,1178,21.17021466493606,-19.282581329345703,371.98187255859375
2,429,1179,20.59588931798935,-19.458236694335938,378.7427978515625
2,430,1180,20.595929634571075,-19.649250030517578,386.29302978515625
2,431,1181,20.270327007770536,-19.220539093017578,369.8205871582031
2,432,1182,20.621487033367156,-19.751182556152344,390.18408203125
2,433,1183,21.17037247419357,-20.027904510498047,401.2921142578125
2,434,1184,11.870234799385068,-10.455253601074219,109.35513305664062
2,435,1185,19.97031611204147,-18.56875991821289,344.79925537109375
2,436,1186,21.79591954946518,-20.451297760009766,418.2795104980469
2,437,1187,20.57032800912857,-19.026874542236328,362.0220947265625
2,438,1188,12.770307159423826,-11.25838851928711,126.78564453125
2,439,1189,17.595859801769254,-16.26101303100586,264.42236328125
2,440,1190,17.570326030254364,-16.477916717529297,271.8070068359375
2,441,1191,18.170176064968107,-17.15475845336914,294.4841003417969
2,442,1192,18.795919835567474,-18.091632843017578,327.48541259765625
2,443,1193,19.370185434818268,-18.51739501953125,343.71209716796875
2,444,1194,19.970231091976164,-19.27895736694336,372.7095031738281
2,445,1195,21.17024139165878,-20.353229522705078,415.0830383300781
2,446,1196,21.770280301570892,-20.933605194091797,438.5899353027344
2,447,1197,20.57028031349182,-19.528602600097656,381.7540283203125
2,448,1198,21.17023420333862,-20.01259994506836,400.7251892089844
2,449,1199,21.170355463027953,-20.02306365966797,401.00457763671875
2,450,1200,21.170234024524685,-19.67348861694336,387.0477294921875
2,451,1201,20.570287597179412,-18.638328552246094,347.39056396484375
2,452,1202,21.17031908035278,-19.057315826416016,363.4578857421875
2,453,1203,21.17031919956207,-19.213062286376953,369.144775390625
2,454,1204,21.170299530029293,-20.000450134277344,400.1666259765625
2,455,1205,21.195788156986232,-20.153026580810547,406.4021911621094
2,456,1206,19.370261085033416,-18.252159118652344,333.2802734375
2,457,1207,20.595893824100493,-19.482250213623047,379.63714599609375
2,458,1208,19.37049150466919,-18.170303344726562,330.2918701171875
2,459,1209,19.995802736282347,-18.693775177001953,349.45794677734375
2,460,1210,19.9959988117218,-18.69186019897461,349.38763427734375
2,461,1211,19.970319676399228,-18.52750015258789,343.273681640625
2,462,1212,20.570260989665986,-18.618431091308594,346.6474609375
2,463,1213,14.595887207984923,-12.910053253173828,166.7061767578125
2,464,1214,21.77023557424545,-20.595050811767578,424.33343505859375
2,465,1215,18.79596160650253,-17.741104125976562,314.9082946777344
2,466,1216,18.770285582542417,-17.637359619140625,311.51043701171875
2,467,1217,19.97030699253082,-18.951736450195312,360.0225830078125
2,468,1218,19.370187318325044,-18.725200653076172,351.4288330078125
2,469,1219,12.770358097553252,-11.911216735839844,142.8389892578125
2,470,1220,20.570370972156525,-19.474124908447266,380.0540771484375
2,471,1221,20.570271575450896,-19.585201263427734,384.14105224609375
2,472,1222,20.570324313640594,-19.368762969970703,375.45172119140625
2,473,1223,20.570315968990325,-19.159549713134766,367.38897705078125
2,474,1224,20.570383739471435,-19.12258529663086,365.8506774902344
2,475,1225,20.570280742645263,-18.914127349853516,357.7908935546875
2,476,1226,21.170310950279234,-18.957012176513672,359.4815673828125
2,477,1227,21.17024036645889,-19.075546264648438,363.9197998046875
2,478,1228,21.770297014713286,-20.171104431152344,406.87347412109375
2,479,1229,18.1702397108078,-16.560401916503906,274.40679931640625
2,480,1230,19.970176446437833,-18.331226348876953,336.0992431640625
2,481,1231,19.970304083824157,-18.588760375976562,345.65228271484375
2,482,1232,19.97026469707489,-18.47522735595703,341.726318359375
2,483,1233,18.770362651348112,-17.343856811523438,301.0440673828125
2,484,1234,19.39587947130203,-18.217750549316406,331.9422302246094
2,485,1235,19.99584604501724,-18.684200286865234,349.14532470703125
2,486,1236,13.970181560516355,-12.401107788085938,153.8086700439453
2,487,1237,18.770350611209867,-17.00704574584961,289.2402038574219
2,488,1238,13.995888650417326,-12.822105407714844,164.68307495117188
2,489,1239,10.995903134346008,-9.900077819824219,98.19540405273438
2,490,1240,17.570320785045624,-16.61133575439453,276.2926025390625
2,491,1241,15.770164000988004,-14.668071746826172,216.11471557617188
2,492,1242,17.2958034992218,-16.49578094482422,272.74737548828125
2,493,1243,20.570305109024048,-19.75927734375,391.59027099609375
2,494,1244,21.195849597454067,-20.37459945678711,415.5655517578125
2,495,1245,20.595973420143128,-19.54914093017578,382.59564208984375
2,496,1246,20.570269417762756,-19.397850036621094,376.63818359375
2,497,1247,20.59578776359558,-19.340373992919922,374.2071838378906
2,498,1248,20.570267307758332,-18.99945068359375,361.3952941894531
2,499,1249,20.595945858955382,-19.066925048828125,363.55853271484375
2,500,1250,21.170332241058347,-19.306121826171875,372.7317199707031
2,501,1251,21.170382750034328,-19.173664093017578,367.63861083984375
2,502,1252,20.57038561105728,-18.727779388427734,350.769775390625
2,503,1253,7.995958769321443,-6.307819366455078,39.791786193847656
2,504,1254,19.97025189399719,-18.45501708984375,340.5909118652344
2,505,1255,21.170362377166747,-19.459300994873047,378.80279541015625
2,506,1256,18.170215928554533,-16.772708892822266,281.4883117675781
2,507,1257,18.770346033573148,-17.386558532714844,302.672119140625
2,508,1258,18.47029843330383,-17.15948486328125,294.5430603027344
2,509,1259,15.770241701602934,-14.334850311279297,205.5474395751953
2,510,1260,17.270301568508145,-15.357227325439453,235.8705291748047
2,511,1261,19.97015104293823,-17.721065521240234,314.06201171875
2,512,1262,18.770275914669035,-17.29088592529297,299.0299377441406
2,513,1263,20.570293271541594,-19.454265594482422,378.61663818359375
2,514,1264,18.495798754692075,-17.324153900146484,300.38897705078125
2,515,1265,15.170303642749785,-14.154998779296875,200.84542846679688
2,516,1266,15.770225536823272,-14.78830337524414,219.250732421875
2,517,1267,19.970296084880825,-18.944766998291016,360.21075439453125
2,518,1268,21.170315241813658,-20.00363540649414,400.974365234375
2,519,1269,18.170251846313473,-16.97793960571289,288.7532043457031
2,520,1270,19.970240545272826,-18.659767150878906,348.78424072265625
2,521,1271,21.17024594545364,-19.80567169189453,392.5982360839844
2,522,1272,20.570315313339233,-19.04949188232422,363.21124267578125
2,523,1273,21.770262598991394,-19.96007537841797,398.4708251953125
2,524,1274,19.970321059226986,-18.125545501708984,328.5812683105469
2,525,1275,19.97032995223999,-17.992591857910156,323.73455810546875
2,526,1276,20.57033768892288,-18.596843719482422,345.8538818359375
2,527,1277,19.97037262916565,-18.25798797607422,333.43408203125
2,528,1278,17.621506118774413,-16.419113159179688,269.58978271484375
2,529,1279,13.070391917228697,-11.446479797363281,131.06967163085938
2,530,1280,17.87021346092224,-16.479469299316406,271.81719970703125
2,531,1281,20.5703285574913,-19.198688507080078,368.73553466796875
2,532,1282,8.595886921882629,-7.357868194580078,54.21450424194336
2,533,1283,13.721465963125228,-12.612220764160156,159.09967041015625
2,534,1284,14.29586327075958,-12.707393646240234,161.47837829589844
2,535,1285,19.09595193862915,-17.18651580810547,295.3763427734375
2,536,1286,19.970247042179107,-17.410350799560547,303.2926025390625
2,537,1287,17.8702796459198,-16.2481689453125,264.1034240722656
2,538,1288,7.395854711532593,-5.976146697998047,35.82387161254883
2,539,1289,13.370341098308561,-12.043071746826172,145.20877075195312
2,540,1290,12.770231676101684,-11.556404113769531,134.0709991455078
2,541,1291,16.970346152782437,-15.920963287353516,254.3746795654297
2,542,1292,13.395822846889494,-12.642955780029297,160.49462890625
2,543,1293,17.595905125141144,-16.81893539428711,284.08795166015625
2,544,1294,20.570214581489562,-19.300426483154297,373.0399169921875
2,545,1295,18.77026802301407,-17.419418334960938,303.83099365234375
2,546,1296,19.970179939270018,-18.592235565185547,346.2128601074219
2,547,1297,20.570305550098418,-19.00156021118164,361.3890380859375
2,548,1298,15.195868825912475,-13.641891479492188,186.13839721679688
2,549,1299,11.570306193828582,-9.647563934326172,93.07658386230469
2,550,1300,19.97027856111526,-17.646808624267578,311.5476989746094
